image_id,path,y_true,y_pred,correct,confidence,prob_Early_blight,prob_Late_blight,prob_healthy
56a8bb5e844571e47fd69509491ad38f,PV_data/Potato___Early_blight/02578b86-b234-4ac0-9bc3-691b5610e2bf___RS_Early.B 7562.JPG,0,0,True,0.9999331,0.9999331,6.6092034e-05,8.017151e-07
5909491cc8c4c58455897405471219ad,PV_data/Potato___Early_blight/042135e2-e126-4900-9212-d42d900b8125___RS_Early.B 8791.JPG,0,0,True,1.0,1.0,1.9622393e-10,7.109996e-12
6ee7b6321ada01ddaeb84bbc8aa1df80,PV_data/Potato___Early_blight/065fc68f-88c9-4fc3-b0a6-a6f5e1072eaa___RS_Early.B 7174.JPG,0,0,True,0.9999373,0.9999373,2.4703842e-05,3.805024e-05
dfbd9487a209a9a91bc8f5ee682f71cc,PV_data/Potato___Early_blight/08194ca3-f0b2-4aaa-8df8-5ec5ddc6696a___RS_Early.B 8151.JPG,0,0,True,0.99992824,0.99992824,7.058626e-05,1.1866933e-06
2ed010f08b04c5a262a478e42ec18533,PV_data/Potato___Early_blight/089fb289-4bea-48b6-a29a-3a1d268d9dd3___RS_Early.B 8081.JPG,0,0,True,0.9999516,0.9999516,4.835081e-05,6.050906e-12
e3955f9eebda87e016de3e19bc83e174,PV_data/Potato___Early_blight/096f6928-24dd-4efd-acc6-b8246318676c___RS_Early.B 8970.JPG,0,0,True,1.0,1.0,3.4885832e-09,2.7003887e-17
7361362e9154e427026bd0ac2131a84d,PV_data/Potato___Early_blight/0bbb8bce-2020-416b-8bd6-c160c2db9921___RS_Early.B 8386.JPG,0,0,True,0.99988043,0.99988043,0.00011776954,1.8161073e-06
d4e8ab360b9bda43313529ce51a1699d,PV_data/Potato___Early_blight/0caf6a39-3f5f-4201-a4d7-3ea35fdf1303___RS_Early.B 6762.JPG,0,0,True,1.0,1.0,1.5872893e-09,1.6026147e-10
5c40322ca95e2fe9a072abb32038bd37,PV_data/Potato___Early_blight/0d2e2971-f1c9-4278-b35c-91dd8a22a64d___RS_Early.B 7581.JPG,0,0,True,0.9999982,0.9999982,1.7310166e-06,6.5474384e-12
0511d12345e9835cdbc29fb19bf9a333,PV_data/Potato___Early_blight/11e974fa-928f-45f6-b983-e74c74c7d163___RS_Early.B 7992.JPG,0,0,True,0.99999905,0.99999905,8.49655e-07,7.1183074e-08
5c5a6afa6e1190d4f2deb64b06e9327c,PV_data/Potato___Early_blight/14efc692-8ac6-4bd8-a71a-943192d6831a___RS_Early.B 6841.JPG,0,0,True,0.9999931,0.9999931,5.6790045e-06,1.2442513e-06
55f9a57b77f5c84330347c5b4bb9d7d3,PV_data/Potato___Early_blight/15ab8118-01fb-4e9c-83a9-94ab224d6854___RS_Early.B 7962.JPG,0,0,True,0.99999976,0.99999976,2.8108192e-07,2.8645726e-08
56323432061f32c6424219520a834082,PV_data/Potato___Early_blight/16133ed7-f960-44a5-bd03-8e665e777363___RS_Early.B 7504.JPG,0,0,True,0.9999902,0.9999902,9.4054985e-06,3.8771958e-07
3f0224765c6540b946beef99810a509f,PV_data/Potato___Early_blight/16a6f216-6d2a-48fe-b8bc-ff385c96d0d3___RS_Early.B 7220.JPG,0,0,True,0.9992204,0.9992204,0.0007550445,2.4594674e-05
d5277e1bef3fdce0dfece299b65702c6,PV_data/Potato___Early_blight/17848019-6609-4cc9-b27b-c70b296ceb09___RS_Early.B 7049.JPG,0,0,True,0.9999912,0.9999912,8.235141e-06,5.825658e-07
beaf9da499dbce53b5e1491b61156d23,PV_data/Potato___Early_blight/1a2970b6-bafd-4812-93bc-57ff969e1045___RS_Early.B 7330.JPG,0,0,True,0.99810517,0.99810517,0.001727538,0.00016734796
da27c2156ecf1ed58f6245d01104c08a,PV_data/Potato___Early_blight/1c4e0445-375a-4c5d-b6fd-6123d22f009f___RS_Early.B 7972.JPG,0,0,True,0.9999906,0.9999906,9.367573e-06,7.1003043e-09
474eaeccdd71343547de828eee293832,PV_data/Potato___Early_blight/1d466431-007d-4b3b-bd45-b09f1a6f7bad___RS_Early.B 8932.JPG,0,0,True,0.99973315,0.99973315,0.00026682057,1.4299351e-13
e3955df43897c147ba71ab27eb59dd1e,PV_data/Potato___Early_blight/1d4fc5d0-fee6-40bf-8e7b-e1598ea64161___RS_Early.B 8912.JPG,0,0,True,0.99999905,0.99999905,9.309536e-07,2.3361296e-13
529f004f6eca942a17e71792fb558a58,PV_data/Potato___Early_blight/1ff86a73-9f36-45c5-8012-c5d90445b7ac___RS_Early.B 8563.JPG,0,0,True,0.9999472,0.9999472,5.190903e-05,9.743372e-07
65709b3223ec5a6cbafd1954b6a15312,PV_data/Potato___Early_blight/201fed44-8dde-4ece-9e76-3706b8afdf46___RS_Early.B 8259.JPG,0,0,True,0.9998863,0.9998863,0.00011367772,2.2916438e-09
59c8093caedf2092c77f3bdaf4486cc3,PV_data/Potato___Early_blight/21ca5caf-147b-4a1a-a2da-edfc1c81b62e___RS_Early.B 8926.JPG,0,0,True,0.9999455,0.9999455,5.4529446e-05,7.9597987e-13
dfb976773392203b1e3370e30996ec30,PV_data/Potato___Early_blight/23546e04-7151-4dbd-95a1-687d963eb132___RS_Early.B 7402.JPG,0,0,True,0.99999833,0.99999833,1.5823953e-06,7.072722e-08
455b3037b3631dee1603faace25178c0,PV_data/Potato___Early_blight/2356a4d6-8015-434e-a5f8-03197fef2c28___RS_Early.B 8139.JPG,0,0,True,0.99998546,0.99998546,1.2745204e-05,1.8430804e-06
691ce8ccba6149246143c1fa3bae2352,PV_data/Potato___Early_blight/25703c4f-ec40-4099-b249-a4fd07b07752___RS_Early.B 7040.JPG,0,0,True,0.99999654,0.99999654,3.4530733e-06,8.459707e-09
bea93c7f4385ede8b6a9a1b6983b351d,PV_data/Potato___Early_blight/26f15c9c-5cbf-49c8-ac4e-c5b15d03e319___RS_Early.B 9022.JPG,0,0,True,0.9999999,0.9999999,9.808006e-08,1.3456761e-10
a7c973c33cf6688e42e9dac5c23ea09b,PV_data/Potato___Early_blight/2a9d3616-0bf1-4d98-b649-0a46d36dab7c___RS_Early.B 6703.JPG,0,0,True,1.0,1.0,2.8189092e-08,1.3321786e-15
a11526015ae9d6e67470f306071f13e4,PV_data/Potato___Early_blight/2c0e712a-fb21-44b6-bbe1-7c67cec7b965___RS_Early.B 7084.JPG,0,0,True,0.99987483,0.99987483,0.00012450716,5.567582e-07
a6ffda1fbb072205b0afc4eedfedaccc,PV_data/Potato___Early_blight/2cce6cd6-16c4-426f-84e6-2f3c192fac2c___RS_Early.B 8999.JPG,0,0,True,0.99998975,0.99998975,9.9902445e-06,1.8764034e-07
b3474c4641d72249ccc63ede98d50fcd,PV_data/Potato___Early_blight/33019904-ac3b-4083-a192-ce4092758ddd___RS_Early.B 8344.JPG,0,0,True,0.99999654,0.99999654,2.5542158e-06,1.0000145e-06
b6892264cd86735142f26d278682146b,PV_data/Potato___Early_blight/33d72b8e-ae59-4fd4-8c74-eaf342682b47___RS_Early.B 7884.JPG,0,0,True,1.0,1.0,1.246998e-08,1.5984201e-14
30040d6f7cc56e57a7e836cef591a81f,PV_data/Potato___Early_blight/357b61ef-a56b-4207-aa26-161b0ef3e635___RS_Early.B 8492.JPG,0,0,True,0.98977613,0.98977613,0.0102239065,1.6644557e-09
2e3119cde45cf97aafc96018da5f7653,PV_data/Potato___Early_blight/38807f81-ce49-4978-916a-a6cd2a95bfb0___RS_Early.B 8397.JPG,0,0,True,0.99995804,0.99995804,4.1816358e-05,1.5888934e-07
c88bb184346a039f7ab8a901bd7f26db,PV_data/Potato___Early_blight/392c5f68-3ee5-4b61-90e9-afa16375beb8___RS_Early.B 8047.JPG,0,0,True,0.9999976,0.9999976,2.3364423e-06,4.434807e-08
06f61383dd4dc03c1a875663b13d4d55,PV_data/Potato___Early_blight/3a314933-9e92-4c90-acc2-656a04c591e7___RS_Early.B 8906.JPG,0,0,True,0.99999917,0.99999917,8.7783485e-07,1.560929e-15
5f6c94abfd61618a9674898a22a44345,PV_data/Potato___Early_blight/3a8429cf-f8a7-4f64-a435-ec4f1ad692c7___RS_Early.B 8990.JPG,0,0,True,0.9999695,0.9999695,3.0510084e-05,3.4568428e-09
746a61dfb3c59067d260a14c7113e874,PV_data/Potato___Early_blight/3e7543bc-4792-4b65-afd9-f9ccd52b7319___RS_Early.B 8571.JPG,0,0,True,0.9999857,0.9999857,1.4265369e-05,1.0954784e-08
6dd538bee768538f16c466476c00b0ac,PV_data/Potato___Early_blight/41cc6e70-9745-413d-b13d-c4775bcdfa7c___RS_Early.B 7610.JPG,0,0,True,0.9311605,0.9311605,0.068710044,0.00012941056
54f3c05f675f17d8061839e573c8a33a,PV_data/Potato___Early_blight/45ecd7ac-7db9-49bf-b34d-ccd2e83123b0___RS_Early.B 6883.JPG,0,0,True,0.99700135,0.99700135,0.002998498,1.7558585e-07
71f8815d27c2294901814de70ed8d14e,PV_data/Potato___Early_blight/46dc77f0-be88-4887-b1f7-82adff9aaa39___RS_Early.B 7750.JPG,0,0,True,0.9999988,0.9999988,1.1545457e-06,6.817365e-10
ecfed1432620923627ae4c7fa9d67102,PV_data/Potato___Early_blight/4ab9d59b-57ee-4e22-a6bb-d8152710fd28___RS_Early.B 6857.JPG,0,0,True,0.99027246,0.99027246,0.0076618604,0.0020655803
e8eb4720b6bbe6bce721e380dce761ca,PV_data/Potato___Early_blight/4af8e9e9-077d-4c7b-859d-626f74d3b1ff___RS_Early.B 7738.JPG,0,0,True,0.9999969,0.9999969,3.0901606e-06,1.6110087e-08
30847817234471de90ca4e2095e464c7,PV_data/Potato___Early_blight/4d943ff8-e048-43c6-8861-4cdc6adab6a0___RS_Early.B 8726.JPG,0,0,True,0.7415112,0.7415112,0.25679457,0.0016941492
740c6833b1f4c123dc6652854ef4b597,PV_data/Potato___Early_blight/4eb1fee6-e288-4c32-841d-9fc1d1824508___RS_Early.B 8446.JPG,0,0,True,0.99999905,0.99999905,9.323344e-07,2.3287017e-08
feb615e926d4e81bc6abfde6b7647d3b,PV_data/Potato___Early_blight/4f71ba26-6612-427b-8dc0-4d8cc909f1fa___RS_Early.B 7122.JPG,0,0,True,0.99999976,0.99999976,1.8011524e-07,4.5332912e-14
95c3a0de0362330c6740620888062019,PV_data/Potato___Early_blight/51ab2ec9-d90b-47f3-8e4a-fdceeceb033b___RS_Early.B 7859.JPG,0,0,True,0.99999917,0.99999917,8.703633e-07,1.508345e-09
1b09e200c733212c49cb6526f6fd6594,PV_data/Potato___Early_blight/524142aa-78fb-4fab-895c-ddb993d07479___RS_Early.B 7435.JPG,0,0,True,0.99991155,0.99991155,8.815432e-05,1.93303e-07
f35ed920b05be8b4926ea305cc514ea6,PV_data/Potato___Early_blight/5755142f-0cba-45b7-a563-beb1bf6db374___RS_Early.B 8321.JPG,0,0,True,0.9992756,0.9992756,0.00072442455,2.6315661e-11
454e7259a5d70f4e6d6d23a22c02c8f4,PV_data/Potato___Early_blight/5bb77b39-311b-4ad1-8bfc-5a41a13b7b02___RS_Early.B 8255.JPG,0,0,True,0.99999857,0.99999857,1.4722453e-06,7.190363e-13
94fc9a2709cbc9b8e1b27d4ac03a28e5,PV_data/Potato___Early_blight/610fd102-fd1b-45c3-978b-68c65d432382___RS_Early.B 7819.JPG,0,0,True,0.99999917,0.99999917,7.0865184e-07,8.366949e-08
28db27daaf641c11ea3854fb303fc964,PV_data/Potato___Early_blight/61f4f7c5-cebe-471a-9be9-b595255b7fb4___RS_Early.B 7029.JPG,0,0,True,0.9999999,0.9999999,1.5557364e-07,4.1407486e-09
a245f8361f0609d1c7ef9f3e4709806b,PV_data/Potato___Early_blight/62490062-4c67-4caf-bec5-df1342ec2987___RS_Early.B 7946.JPG,0,0,True,0.99999964,0.99999964,3.8089064e-07,2.044793e-09
3a0e4d06298b347b3b2f648e1cf115c2,PV_data/Potato___Early_blight/625f9c30-b56a-4e4e-9b34-aab8d2385d02___RS_Early.B 7226.JPG,0,0,True,0.99968916,0.99968916,0.00015357457,0.00015721738
7d4a51f5bc71875c331f56b6adafb51b,PV_data/Potato___Early_blight/667c593c-acbf-468a-91a3-6fd8006c46c2___RS_Early.B 7830.JPG,0,0,True,0.99999976,0.99999976,1.8334637e-07,1.3941339e-11
a923d1a3af275f93706ed0e6057b82d2,PV_data/Potato___Early_blight/66a98640-59d3-4c9b-9853-773c78ac6375___RS_Early.B 6784.JPG,0,0,True,1.0,1.0,5.3221134e-09,2.1132242e-11
1800e6c8797cb1ac85d0c6464766ba71,PV_data/Potato___Early_blight/677662b1-2c4e-4d93-b4fd-950815b9d2c8___RS_Early.B 8813.JPG,0,0,True,0.99999964,0.99999964,3.4241688e-07,3.5196017e-08
8403cd025096a08a6e35b6fc9ea92faa,PV_data/Potato___Early_blight/6a903f3e-0c90-4b97-aad7-bdb1d07cb11e___RS_Early.B 6765.JPG,0,0,True,1.0,1.0,4.618223e-08,2.7650137e-12
599950e5352d36240128912965d8ccb5,PV_data/Potato___Early_blight/6b8024be-e45f-459f-9817-8d6fb0dda89a___RS_Early.B 6904.JPG,0,0,True,0.99997604,0.99997604,2.3667668e-05,2.284232e-07
7a4d1d90ba562fed8228b3f066caf4b0,PV_data/Potato___Early_blight/6bd7d398-9cce-4282-a853-9625a641ebd6___RS_Early.B 8416.JPG,0,0,True,0.9960914,0.9960914,0.0038406204,6.796549e-05
e44bbaaa245dcfe7952b87375b855750,PV_data/Potato___Early_blight/6cd8e267-d5ae-4baa-a872-4c0fc5a37d67___RS_Early.B 8184.JPG,0,0,True,0.9999964,0.9999964,2.966991e-06,6.5523153e-07
d696a2c6fdefa99b0a762452184ada10,PV_data/Potato___Early_blight/6dfdd5be-0999-4a5c-a35d-c760043fec23___RS_Early.B 8701.JPG,0,0,True,0.98781246,0.98781246,0.012142996,4.4482724e-05
c5a612539f76979337b64a6bb3d6119a,PV_data/Potato___Early_blight/6edb7358-f41f-4fd2-8371-12700bdbc94c___RS_Early.B 6801.JPG,0,0,True,0.99975556,0.99975556,0.00024118855,3.275225e-06
52445751dc7719ff773cc84b9398ebee,PV_data/Potato___Early_blight/6fcaba16-dfce-431a-b268-e0826a101553___RS_Early.B 6695.JPG,0,0,True,1.0,1.0,5.041393e-13,1.0180703e-17
d46d54703cd93ca5b7fb8a8c61d0d73c,PV_data/Potato___Early_blight/72c4221d-f82b-48fc-a91e-8aa46f5cb0cc___RS_Early.B 8399.JPG,0,0,True,0.99934524,0.99934524,0.00065443944,3.6172173e-07
d1b259526d59fd4fea97f137d24fb778,PV_data/Potato___Early_blight/72f9e596-8d1e-4ffd-923d-55645d6adca1___RS_Early.B 7704.JPG,0,0,True,0.99997103,0.99997103,2.8978402e-05,1.8113315e-08
81ea58877fbaa435e6e2c33d91bdc903,PV_data/Potato___Early_blight/73273541-2855-4516-92c3-658703bd2d18___RS_Early.B 6814.JPG,0,0,True,0.99999976,0.99999976,2.78727e-07,2.5487132e-15
6b5a273cd9c1a82629985c8fac59db68,PV_data/Potato___Early_blight/73845010-b5b2-4604-8055-388c4222592a___RS_Early.B 6767.JPG,0,0,True,0.9999708,0.9999708,2.918201e-05,1.7250107e-13
b136d0995cfc0b1de199f70ae4c81a9e,PV_data/Potato___Early_blight/7a8f295d-dc08-4a25-ba7a-28995729b6b6___RS_Early.B 8243.JPG,0,0,True,0.9999925,0.9999925,7.5058815e-06,1.1072685e-08
cc03d7a5868bf8bb21774a61a1026f49,PV_data/Potato___Early_blight/838c8a0a-d112-4940-9a5d-221b4e9cc4c8___RS_Early.B 6967.JPG,0,0,True,1.0,1.0,4.8781597e-08,9.874e-16
ccb36331032e1f9f514044c38d1cd244,PV_data/Potato___Early_blight/849daa7e-b5ea-4445-93f9-b21d43c1bd44___RS_Early.B 7193.JPG,0,0,True,0.9999999,0.9999999,8.681957e-08,3.827235e-10
eaafb9ba06c4f78eb39c177564de707d,PV_data/Potato___Early_blight/85531704-18a5-4f98-8c1d-25709ecf77f8___RS_Early.B 8214.JPG,0,0,True,1.0,1.0,6.71386e-09,3.5591197e-13
7e9867d7fe36c7170744f9de1f98e1c5,PV_data/Potato___Early_blight/89273b26-09d5-4bf7-a6a5-22c47a613b93___RS_Early.B 7383.JPG,0,0,True,0.9999982,0.9999982,1.7964193e-06,2.0798372e-09
a93c9e61e5a81353215dffabf8d57c92,PV_data/Potato___Early_blight/8b20db6d-9c57-46d7-b40d-c6a809b49e07___RS_Early.B 9127.JPG,0,0,True,1.0,1.0,3.8894044e-10,5.0859944e-17
db4885d9b72f682c4ca67d73c8ee355f,PV_data/Potato___Early_blight/8df7a062-73d6-468e-8354-baa641dd69b3___RS_Early.B 7072.JPG,0,0,True,0.99998724,0.99998724,1.2716865e-05,1.2395272e-11
92ccdd0f444050662f93f71d99f32b14,PV_data/Potato___Early_blight/8e384f1d-1a56-4fcc-8e06-a65ee86270a8___RS_Early.B 7278.JPG,0,0,True,0.99997437,0.99997437,2.5062305e-05,5.7613477e-07
fe07735a138d32d0aadeef9c6c2f3aef,PV_data/Potato___Early_blight/8f0e6484-7d27-4ee1-849a-316c6195b139___RS_Early.B 6840.JPG,0,0,True,0.9969472,0.9969472,0.0029905022,6.230334e-05
9611ebc48265985a86e07bd2f7d385bc,PV_data/Potato___Early_blight/8f6d9148-ae73-42cc-be78-baca869d1543___RS_Early.B 6805.JPG,0,0,True,0.99743015,0.99743015,0.00255647,1.33829235e-05
cb563a5f44537bf7b82db155f4e50abc,PV_data/Potato___Early_blight/8fcea4b7-97df-428e-a0ac-635108307e88___RS_Early.B 9229.JPG,0,0,True,0.99993384,0.99993384,6.6124434e-05,1.7467421e-09
e8ff4030d620ea9338aab899ab7b5a30,PV_data/Potato___Early_blight/94eb2aa6-7f9e-4a5a-b519-2106984e9a7d___RS_Early.B 8770.JPG,0,0,True,0.99523395,0.99523395,0.0047658626,2.8231037e-07
e0f5641ae16f6a91cb3ede20fcdaa12b,PV_data/Potato___Early_blight/992a06a6-1aeb-4876-b33e-4267aa1a0c43___RS_Early.B 7618.JPG,0,0,True,0.99998796,0.99998796,1.2003968e-05,1.2418656e-08
827115926bdb5d8404f8bf4bb903c05f,PV_data/Potato___Early_blight/9badd590-45ed-4636-9590-b12342ea8a84___RS_Early.B 6944.JPG,0,0,True,1.0,1.0,4.4130286e-09,1.6142154e-12
b563e360e8ced1523bc3ebc78bfa3752,PV_data/Potato___Early_blight/9cba8b9a-68a7-483a-bc77-6bacbbe7fc46___RS_Early.B 7588.JPG,0,0,True,0.99546176,0.99546176,0.0045322217,6.0617026e-06
8e98b7e58b983f624ab3e4e5af44135d,PV_data/Potato___Early_blight/9e506566-6697-4444-a2f3-a3931d34bbf3___RS_Early.B 6899.JPG,0,0,True,0.99998,0.99998,1.9368605e-05,7.474689e-07
e5f9feb4aad8b260ad8016adbad5efa6,PV_data/Potato___Early_blight/9eb646d2-e908-43d1-8dd5-0d6b8dcb21eb___RS_Early.B 7569.JPG,0,0,True,1.0,1.0,9.5130154e-11,5.330969e-14
f9d794971b775880648054ac56fe753e,PV_data/Potato___Early_blight/a02f78b3-da52-400a-ab11-7184df9ea485___RS_Early.B 8403.JPG,0,0,True,0.99805295,0.99805295,0.0019469282,1.17597054e-07
48f9528f9f8f69e4267ae8f159696781,PV_data/Potato___Early_blight/a10b278a-fcce-4cf4-aada-254e89050be5___RS_Early.B 7524.JPG,0,0,True,0.9943533,0.9943533,0.005643151,3.5890118e-06
39c7f57f5310e0d3c0ac907ea0060084,PV_data/Potato___Early_blight/a29559c6-1d80-4486-a3c9-26986d6e28e0___RS_Early.B 6890.JPG,0,0,True,0.9984277,0.9984277,0.0015603207,1.1851143e-05
7b05f98a171e12e5d7169892aaf98e67,PV_data/Potato___Early_blight/a2fe15c2-1900-4fbd-9e69-771b1693cc68___RS_Early.B 7398.JPG,0,0,True,0.9999994,0.9999994,6.337128e-07,8.694272e-10
9d15ace85f46262edea01bbe0df33b9e,PV_data/Potato___Early_blight/a4168403-2458-4f28-84f7-949050905878___RS_Early.B 8450.JPG,0,0,True,1.0,1.0,1.3504137e-08,6.7524386e-09
6e3f7967fe0480f106a1cb04ecffd796,PV_data/Potato___Early_blight/a60106e3-e037-495f-8b5a-080adcb9bdd9___RS_Early.B 8561.JPG,0,0,True,0.9995136,0.9995136,0.0002927531,0.00019358621
3c7df266e7b4f2e2fb0ccbf0aa987f60,PV_data/Potato___Early_blight/a8933319-d98e-4e71-a2ac-e22f7e1bca08___RS_Early.B 7499.JPG,0,0,True,0.99924165,0.99924165,0.0007582786,1.3182945e-08
0705b64627ade781bd2c4a05dbc63c2b,PV_data/Potato___Early_blight/a9659799-4093-4d84-855e-2f4382729c01___RS_Early.B 8784.JPG,0,0,True,0.9983229,0.9983229,0.0016770692,5.759155e-09
c7b89d4dcbb9c376b6888192dca35144,PV_data/Potato___Early_blight/aa687aac-2f1a-44d8-89aa-3f7d413b4763___RS_Early.B 8055.JPG,0,0,True,0.9999285,0.9999285,4.2778378e-05,2.8690725e-05
c2026351e09c6eb7259f1c055dc147a6,PV_data/Potato___Early_blight/aa7e5986-6fa1-4b25-9861-cbae56886280___RS_Early.B 8545.JPG,0,0,True,0.9999987,0.9999987,1.329652e-06,2.1984979e-10
c903dca76dcaeaf8404f716602b638b0,PV_data/Potato___Early_blight/acb59a95-cbe4-4602-9b8a-9adbf12899af___RS_Early.B 6754.JPG,0,0,True,0.9999989,0.9999989,1.0922673e-06,4.8904587e-09
8694aad9691143ca50ba93577b6056ee,PV_data/Potato___Early_blight/acb84d77-5b1c-4beb-be27-99fee467bf1f___RS_Early.B 7577.JPG,0,0,True,0.9999995,0.9999995,4.2175665e-07,1.596914e-10
4fdcf66fc9c49ee4cd338dd947bbe680,PV_data/Potato___Early_blight/aed93c24-f226-4dd4-b5fb-b1f2d1202c63___RS_Early.B 8363.JPG,0,0,True,0.99989164,0.99989164,0.00010712323,1.2112182e-06
9eea5cd6a7c10b7c8571f6bc137c0339,PV_data/Potato___Early_blight/b328c22c-c9c6-41fd-9bac-daf2f26143b1___RS_Early.B 6854.JPG,0,0,True,0.99936575,0.99936575,0.00049617194,0.00013810949
4e69d503bbf79d5f0fb4114085d334d5,PV_data/Potato___Early_blight/b39bbf50-eae1-49ca-bd12-e776e3680d8b___RS_Early.B 6775.JPG,0,0,True,1.0,1.0,2.4210614e-09,5.1556114e-14
cb7cd989e96abcb9880d09ca03743beb,PV_data/Potato___Early_blight/b4021eae-d195-400a-b7b7-9888367f5f2f___RS_Early.B 7881.JPG,0,0,True,0.9999974,0.9999974,2.633102e-06,2.191071e-08
6f73f76ca3eedcac897e1ce2cda7b07e,PV_data/Potato___Early_blight/b475147c-92bc-419a-b2c3-7d5aabbb79ec___RS_Early.B 7379.JPG,0,0,True,0.9999912,0.9999912,8.841152e-06,2.308513e-08
65627f29af140463d2349e480c5626a4,PV_data/Potato___Early_blight/b549ab3b-06f1-45ef-bf34-86071552d870___RS_Early.B 8576.JPG,0,0,True,0.9999974,0.9999974,2.5865602e-06,1.5925646e-09
2032d6d1e1f6cb911da8e0e096f81170,PV_data/Potato___Early_blight/b817817e-a6b1-4123-88e7-db98b453ce17___RS_Early.B 6880.JPG,0,0,True,0.99889755,0.99889755,0.0007896246,0.00031277243
84f4a0dc27a4b48d20fded6708208eb7,PV_data/Potato___Early_blight/b95c05a8-2d70-4af5-a384-5b5b4450b7c6___RS_Early.B 7724.JPG,0,0,True,0.9999995,0.9999995,4.4582296e-07,1.0014742e-09
f9d9c7bd6aaacb3c7e5bf1065000c17e,PV_data/Potato___Early_blight/bb4e9c01-6166-424d-a379-9ef405fdd555___RS_Early.B 6843.JPG,0,0,True,0.99919826,0.99919826,0.0004395342,0.00036225974
189f81b1994d4a068d2c8dd37234643a,PV_data/Potato___Early_blight/bf972aad-9f3f-40c8-9fc7-fdcf57a94c6f___RS_Early.B 7151.JPG,0,0,True,0.99795914,0.99795914,0.0020408633,1.6666271e-10
ed72dd6ebcfc4488abd3423007f64f46,PV_data/Potato___Early_blight/c3bf3f15-b1ae-4e36-97a4-f341879db6ae___RS_Early.B 8263.JPG,0,0,True,0.99999964,0.99999964,3.3498566e-07,9.016399e-11
db57234db2b8e952bc6ac8b1d129a3e9,PV_data/Potato___Early_blight/c43a5fd7-c60c-4a04-9835-bd35b551ec44___RS_Early.B 6701.JPG,0,0,True,1.0,1.0,3.4133144e-08,1.9882757e-14
bfd7a5f1b4432587368a3b977794af56,PV_data/Potato___Early_blight/c5464947-d6f8-4d5e-9cad-009db19adf67___RS_Early.B 7181.JPG,0,0,True,0.99991393,0.99991393,4.7294518e-05,3.876105e-05
87ce39d3e12d31a20a8417ed882c52dd,PV_data/Potato___Early_blight/c5b121ff-fc3c-406a-8127-2a7e413a0903___RS_Early.B 9006.JPG,0,0,True,0.9999974,0.9999974,2.5721824e-06,2.143894e-08
67e8ac3e877193efc617b0ee0e6690cb,PV_data/Potato___Early_blight/c82e587c-a0f2-451e-9057-e3719a3d9562___RS_Early.B 6824.JPG,0,0,True,0.9999981,0.9999981,1.8855237e-06,1.6780024e-09
02560bec56e951ffe19feb6c4ea0707d,PV_data/Potato___Early_blight/c9bff7de-c589-4ed2-92fe-cd9ca2a1df16___RS_Early.B 7846.JPG,0,0,True,0.99843866,0.99843866,0.001560111,1.1875252e-06
0329a2d3d81d7b77457d1e4134f6e474,PV_data/Potato___Early_blight/cc48c415-4a2d-4d8d-94db-c736e7b7c882___RS_Early.B 7705.JPG,0,0,True,0.99967545,0.99967545,0.00032447142,7.1223394e-10
2e66826934b90467ab236853a04e74b6,PV_data/Potato___Early_blight/cc63b147-ad2a-4bc1-aa05-a07b3c6b7761___RS_Early.B 7091.JPG,0,0,True,0.9999999,0.9999999,6.0619534e-08,1.8415406e-09
ad0d6f164f5b083c82e2a4a49eac9fcc,PV_data/Potato___Early_blight/cdc5ed26-b023-41cb-9cd8-07e62df1e369___RS_Early.B 6864.JPG,0,0,True,0.999931,0.999931,6.69012e-05,2.1034327e-06
85fe7dc349db627a3ee3eadbe67a6f78,PV_data/Potato___Early_blight/cfa37804-6d71-45fe-bd88-c899b9534992___RS_Early.B 6673.JPG,0,0,True,0.9994091,0.9994091,0.00046336604,0.00012764314
e568901f9326e2357364f8c21ad49a51,PV_data/Potato___Early_blight/d06681cc-3ed1-4af2-ae40-2597eaea3dd4___RS_Early.B 8691.JPG,0,0,True,0.9540678,0.9540678,0.045932222,4.4196444e-10
bbfaa5f61b3ac39ecf065627959f98ad,PV_data/Potato___Early_blight/d4cd2357-1142-4f0c-8c44-201241a27573___RS_Early.B 9146.JPG,0,0,True,1.0,1.0,4.8851714e-08,1.0910471e-10
e91a1117b0b542d28df2d1399882cf18,PV_data/Potato___Early_blight/d87f93fa-f6f8-49f1-b9e1-8f196f377df8___RS_Early.B 7244.JPG,0,0,True,0.9998808,0.9998808,0.00011859504,5.58238e-07
1878521bfbb82229a4b1d9be3067a077,PV_data/Potato___Early_blight/d91d88d1-89d4-4017-b0f0-9e875bedfcab___RS_Early.B 7201.JPG,0,0,True,0.9999993,0.9999993,7.2375167e-07,2.964148e-10
4b6d7338bf74caa00faea99148afa86c,PV_data/Potato___Early_blight/d9293730-8ba7-4f41-936a-eb129bde096b___RS_Early.B 8102.JPG,0,0,True,0.9944974,0.9944974,0.0055024927,3.8098294e-10
06ddf2385d1e109febe7848e3cc28be0,PV_data/Potato___Early_blight/dbdf96e5-2f8c-475b-b2dd-40a5862e10f7___RS_Early.B 8017.JPG,0,0,True,0.9999999,0.9999999,1.3469491e-07,4.239216e-14
8a552e4b08807eaa66246ca5df40f9f5,PV_data/Potato___Early_blight/dbee10d3-333b-4c62-aa90-23c1f859519c___RS_Early.B 7252.JPG,0,0,True,0.99999475,0.99999475,5.2862797e-06,2.5419923e-14
9198fbbd393de50553aa129123b75f8e,PV_data/Potato___Early_blight/dc34096f-8974-4a76-8d15-42ee86038015___RS_Early.B 6734.JPG,0,0,True,0.9999999,0.9999999,1.7071585e-07,5.9294986e-11
b9bb36594eb4e2c97216acfada6c5ba9,PV_data/Potato___Early_blight/dea6a6e4-cfb0-4c00-a0f7-bdd1e52f82e0___RS_Early.B 7246.JPG,0,0,True,0.99996984,0.99996984,3.0128367e-05,5.760907e-08
73244a3c1fc3201edefef373b652ce89,PV_data/Potato___Early_blight/e24cb505-5756-4269-aa4f-57d27da31b20___RS_Early.B 8973.JPG,0,0,True,0.9999999,0.9999999,6.889273e-08,4.0833496e-11
feb984e7d956aeffcee3dcee289f78ee,PV_data/Potato___Early_blight/e304fbf5-d145-433c-8f67-7b486581166a___RS_Early.B 7434.JPG,0,0,True,0.9999913,0.9999913,8.697148e-06,1.944897e-09
3b10b1326e82f7abc1ce609b296a1855,PV_data/Potato___Early_blight/e50e7166-a67d-4207-a49c-0240b0218d48___RS_Early.B 8907.JPG,0,0,True,0.9994776,0.9994776,0.00052228203,4.7942067e-10
a442c271cf40edae156a0fd679a3ace0,PV_data/Potato___Early_blight/e786a4fe-5aa1-4da2-a16f-4ee82c56e317___RS_Early.B 7245.JPG,0,0,True,0.9999887,0.9999887,1.1293718e-05,1.8987707e-08
93a2af88bb8a51d8cec250b1cf75b169,PV_data/Potato___Early_blight/e912f95d-d159-47bc-b1ed-f0f08c3c391d___RS_Early.B 8366.JPG,0,0,True,0.9999974,0.9999974,2.6786668e-06,4.219865e-08
e13e224dea30e48101ca9e2ef981c8d0,PV_data/Potato___Early_blight/e9643c88-239f-4587-8093-3b96eb3723f4___RS_Early.B 7353.JPG,0,0,True,0.99945205,0.99945205,0.0005466362,1.3502763e-06
dbdf56f3fffe1b0b9612826a7fb93bc0,PV_data/Potato___Early_blight/ea87f5c8-69f9-44e0-997b-bb896350765e___RS_Early.B 7798.JPG,0,0,True,0.99972504,0.99972504,0.00025333537,2.1603772e-05
938d7c4d851ebd9366011338e9c7394c,PV_data/Potato___Early_blight/eb4fbc2b-c1a4-473f-a4e1-71ba04a7133c___RS_Early.B 7716.JPG,0,0,True,0.99999833,0.99999833,1.6837186e-06,6.6113235e-09
506b365a45c285e4e603a87e6a6f085d,PV_data/Potato___Early_blight/ec9a34ed-90de-417e-bf87-31e748c8c770___RS_Early.B 7968.JPG,0,0,True,0.9999999,0.9999999,1.3255028e-07,2.1953118e-10
21b2ff6ab01d28886d554ea4c00b3195,PV_data/Potato___Early_blight/ec9ea109-34c7-48c5-bbac-40a36b21fa05___RS_Early.B 8761.JPG,0,0,True,0.99999,0.99999,1.0035673e-05,1.7318649e-09
87cd477ade6e15f2fcbc208cdf74d147,PV_data/Potato___Early_blight/ecf9d01d-b97f-4cf8-99e5-7036bd91b5d1___RS_Early.B 8650.JPG,0,0,True,0.9998486,0.9998486,0.00010051028,5.085081e-05
c9cd82e3c662bde351a7d55499067526,PV_data/Potato___Early_blight/ed78ac4f-ce50-4de8-b508-ad07b9d99176___RS_Early.B 7313.JPG,0,0,True,0.9968323,0.9968323,0.0024021033,0.00076567585
6aab2c7c5fd22404f574692afc93b121,PV_data/Potato___Early_blight/ee584747-fea1-4d16-9c03-40bfc9bcf1c7___RS_Early.B 8600.JPG,0,0,True,0.99999857,0.99999857,1.4568594e-06,2.7457384e-08
655046de1048358c0787da59d3cd3ce5,PV_data/Potato___Early_blight/eec2262a-d16b-42e1-99bd-6891ef392988___RS_Early.B 7085.JPG,0,0,True,0.9999975,0.9999975,2.146038e-06,2.990514e-07
2b05bdc02bbf2e6f2e4dff8489a1bcae,PV_data/Potato___Early_blight/f2e7be26-b7d3-4e99-8630-8b1650192b02___RS_Early.B 7275.JPG,0,0,True,0.99888355,0.99888355,0.0011078513,8.526674e-06
3f2cb1ee3fd639b67da52581cb459934,PV_data/Potato___Early_blight/f3ad73cc-2e88-4157-97ea-d57d87c5760c___RS_Early.B 6687.JPG,0,0,True,0.9999999,0.9999999,7.6548176e-08,1.0329985e-17
59536e7166e9611af332a139277663a1,PV_data/Potato___Early_blight/f56f07b9-9f3a-4c80-a4f8-daf49f479db2___RS_Early.B 8741.JPG,0,0,True,0.99998176,0.99998176,1.8260793e-05,1.2157186e-09
a6eade63d1dd44eddb63fb6441a94cf9,PV_data/Potato___Early_blight/f6d8c094-970c-41c5-9f5d-3ded7c8f7b15___RS_Early.B 6846.JPG,0,0,True,0.9997023,0.9997023,0.00024207159,5.5651675e-05
f8eddb310509306f265a594eb6c731a5,PV_data/Potato___Early_blight/f8b3542b-559a-4aa4-9f4a-ec4d22f4386f___RS_Early.B 7309.JPG,0,0,True,0.99998903,0.99998903,1.0346411e-05,5.7316356e-07
d4a43983cd1d5e9de986e22e8ff667b5,PV_data/Potato___Early_blight/f8b57e69-5902-4253-8404-11811ecf13e8___RS_Early.B 6995.JPG,0,0,True,0.999997,0.999997,2.0333216e-06,9.3643865e-07
1e5ebb19d05df3ac317b9453ccf656c9,PV_data/Potato___Early_blight/fbbe7b93-e6da-4dc8-b1ee-ba5646a5e039___RS_Early.B 8216.JPG,0,0,True,1.0,1.0,6.218224e-11,8.4102414e-18
4b9e011d015e2545daf6838eeb8d6a19,PV_data/Potato___Early_blight/fc1ab935-21b3-42e7-a870-02fd71c5d845___RS_Early.B 6894.JPG,0,0,True,0.99973506,0.99973506,5.3807737e-05,0.0002112162
ec3081a20bfa9ab983f9fb96e918d2ca,PV_data/Potato___Early_blight/fc603fb2-e2a0-4990-8a75-0e4f80f40694___RS_Early.B 7584.JPG,0,0,True,0.9957793,0.9957793,0.004220631,1.0020938e-07
bbe36e94452caf8f5055bd306404594c,PV_data/Potato___Early_blight/fc73fc01-6a63-4b3b-bfed-74625c5b4b05___RS_Early.B 6945.JPG,0,0,True,0.9999374,0.9999374,6.0556325e-05,1.974929e-06
f987550395858c23688697bc6de22217,PV_data/Potato___Early_blight/fe24f700-d37f-4e51-b07c-931e8c3ded81___RS_Early.B 8792.JPG,0,0,True,0.9999994,0.9999994,6.471083e-07,1.792291e-09
4e232e972f2d68a89f6d24e901459561,PV_data/Potato___Late_blight/07fea080-7f6b-48e9-b6b5-10d7daf57610___RS_LB 3210.JPG,1,1,True,0.9995572,2.6499927e-05,0.9995572,0.00041624645
57d0f27483faf8d273c500fcef29107c,PV_data/Potato___Late_blight/0c83302d-4233-4e98-8ecf-755a970495bb___RS_LB 4904.JPG,1,1,True,0.99054086,0.009458637,0.99054086,5.5145824e-07
89a2f59f656574a52e5026ff6eaf0ec1,PV_data/Potato___Late_blight/0eb24a67-a174-43db-86c7-cca8795942a2___RS_LB 4722.JPG,1,1,True,1.0,1.3556207e-09,1.0,8.738992e-12
fa7c61f3f86f0aaaa645ae71059b5e9d,PV_data/Potato___Late_blight/0f1fb568-1b12-45ef-ad99-c59fa9075693___RS_LB 3242.JPG,1,1,True,0.9997877,0.00021134522,0.9997877,8.6402025e-07
7551854168019b4de11bbeecf336981a,PV_data/Potato___Late_blight/0f243024-b1fa-4f96-ac7e-ecaf6dc5bc37___RS_LB 4925.JPG,1,1,True,0.71945375,0.280313,0.71945375,0.00023320237
8c5455f0e5eb49f20ac96253ab745198,PV_data/Potato___Late_blight/152ffbeb-7dda-4313-a792-9faf68c017bf___RS_LB 2830.JPG,1,1,True,0.96162504,0.0018939221,0.96162504,0.03648101
3937ba5d0216bfec9f9bf40100a8e321,PV_data/Potato___Late_blight/1531198a-c611-47ee-af7d-7b124b863870___RS_LB 4793.JPG,1,1,True,0.9478993,0.05028815,0.9478993,0.0018125669
4ca2a4f7776ebba1f1d6dc2937688f13,PV_data/Potato___Late_blight/1736a728-bae9-4133-bfca-60a7c3b6382c___RS_LB 4855.JPG,1,1,True,0.99304783,0.0032667776,0.99304783,0.0036853806
effe4a8d389a9f1402a765ec8b358a43,PV_data/Potato___Late_blight/19393f68-e96c-4c93-b4d1-39e1c54e53b1___RS_LB 4051.JPG,1,1,True,0.9996129,2.6459797e-06,0.9996129,0.00038438008
6ba71b59e76e8398ccb32427f480bf7e,PV_data/Potato___Late_blight/1a6fc494-81dd-4649-ad8d-a5a6e58a2aa7___RS_LB 2618.JPG,1,1,True,0.9979499,0.00015427051,0.9979499,0.0018958874
f22be9e253cd566184ab3cbfec408e6b,PV_data/Potato___Late_blight/1c207156-339d-4ec9-9153-9edb3bc95b5f___RS_LB 4833.JPG,1,1,True,0.9990697,0.00088200596,0.9990697,4.8290523e-05
e3edc05a279b40c577f88672c170d803,PV_data/Potato___Late_blight/1cd0b065-e637-4307-9e0a-9c20dc44cc59___RS_LB 4784.JPG,1,1,True,0.9902942,0.009703676,0.9902942,2.1131752e-06
a8f236b107013cb855cdd55c9d2fe770,PV_data/Potato___Late_blight/1f84da28-3025-4cc0-8815-5b6b60205956___RS_LB 3326.JPG,1,1,True,0.9999664,3.3013715e-05,0.9999664,5.574404e-07
9e1b537393ad21ec8d7b53a981de3c05,PV_data/Potato___Late_blight/2122118e-02ee-452b-864c-adf36ed5ce9c___RS_LB 2890.JPG,1,1,True,0.99945277,5.024998e-05,0.99945277,0.0004970059
c3e6720c256d7e358678f55a001d76c4,PV_data/Potato___Late_blight/227f2f04-4d59-48d9-958d-5cccc70d3f2b___RS_LB 2772.JPG,1,1,True,0.94037366,0.059606623,0.94037366,1.9659577e-05
a985e80a0d1255f538c542ebddd80a97,PV_data/Potato___Late_blight/22d5cf8c-308f-417d-9b05-b00a0791ecef___RS_LB 4797.JPG,1,1,True,0.9999629,1.9377178e-05,0.9999629,1.7656992e-05
c42cf48fe29611f08d7848072b87fcf4,PV_data/Potato___Late_blight/2438dfce-68a1-4026-a006-4c99a0f6259b___RS_LB 5116.JPG,1,1,True,0.99973875,0.00026114448,0.99973875,5.278453e-08
ac1d7d6835849278d7af89ca8d328242,PV_data/Potato___Late_blight/29bfc55a-8cb2-4938-b0b5-5e2748fd1a22___RS_LB 5070.JPG,1,1,True,1.0,2.0351997e-08,1.0,5.631292e-10
4ebe883a87af4a27f744663d0e089795,PV_data/Potato___Late_blight/2a3e5c22-1e37-4ba0-8686-cf7482e4e8d3___RS_LB 4126.JPG,1,1,True,1.0,1.4448968e-08,1.0,1.2462912e-09
9a38f6aec141d364f390cc3309e443a4,PV_data/Potato___Late_blight/2b7f92a9-9bd8-4461-9588-ab98abf54be0___RS_LB 2575.JPG,1,1,True,0.9973573,0.00077864906,0.9973573,0.0018640454
e16d26a9e34c9b462f7ac152f4e3a59e,PV_data/Potato___Late_blight/2c1218c8-eaea-4f5a-be4b-34e34a705063___RS_LB 2530.JPG,1,1,True,0.99973184,0.00022258887,0.99973184,4.557809e-05
85196d6a5dd68199d77993dabf2daa92,PV_data/Potato___Late_blight/2d736aa6-79a6-42b0-9e92-d859bcd72824___RS_LB 5244.JPG,1,1,True,0.9999697,2.3474446e-05,0.9999697,6.8251243e-06
47b2fc40156a1fe5fc30f90f02d5a415,PV_data/Potato___Late_blight/2d8cbe58-280e-4c93-9b06-26f4279eb4d8___RS_LB 2855.JPG,1,1,True,1.0,5.749749e-09,1.0,4.2464965e-08
611d2d5b1a9414d7c7a778a6e5d9fe89,PV_data/Potato___Late_blight/2e18248f-e251-44c0-b9a5-a198455f43ee___RS_LB 4858.JPG,1,1,True,0.99880755,0.00060115196,0.99880755,0.00059130025
a29197da1e6685c452caf7244377507a,PV_data/Potato___Late_blight/2f76c068-ebba-499d-8819-2d12bde41695___RS_LB 3232.JPG,1,1,True,0.9999596,4.0289277e-05,0.9999596,7.7335486e-08
180f42997756544df77c5199118f8800,PV_data/Potato___Late_blight/30777af4-cbb4-44bf-946b-f1c5d17704ee___RS_LB 4822.JPG,1,1,True,0.98317075,0.016735569,0.98317075,9.375103e-05
8e038ffe69830068e58b66f6e8f61d1a,PV_data/Potato___Late_blight/3112e625-f1d9-428b-a77e-23c6f28e44f8___RS_LB 3035.JPG,1,1,True,0.99950254,0.0004881792,0.99950254,9.229822e-06
c0cce895298ae1ba25c8382e9370184e,PV_data/Potato___Late_blight/317a40c6-c4d8-4b4e-9878-4f742e7f409a___RS_LB 4462.JPG,1,1,True,0.9999509,4.91552e-05,0.9999509,3.24769e-09
364ff3bdebf50833e87752eaca8838f8,PV_data/Potato___Late_blight/324a0ba8-726a-4e6c-a15f-c32a1904f891___RS_LB 3078.JPG,1,1,True,0.99999845,1.5458012e-06,0.99999845,3.24434e-09
8c540c8f5647c419c3fed3fe5df4708a,PV_data/Potato___Late_blight/32e6ace8-7ca9-4f95-a313-6747d321e8da___RS_LB 4698.JPG,1,1,True,0.9241524,0.075846404,0.9241524,1.2494266e-06
6a9a5a473e4154bdf9c7bd6f30b1b1e0,PV_data/Potato___Late_blight/35621849-08fd-442a-a94e-139b2657106e___RS_LB 4055.JPG,1,1,True,0.9997174,1.570679e-06,0.9997174,0.00028104635
987c37a5167d22d07517f3ab195953ac,PV_data/Potato___Late_blight/357bfc61-bb46-4e77-b9eb-eafdd3af7f6f___RS_LB 3082.JPG,1,1,True,0.99999857,1.4554644e-07,0.99999857,1.3412823e-06
cbcfa459234482d8c9d0248f25a3eeca,PV_data/Potato___Late_blight/36d3502f-32cd-4ef9-b63d-575db1c18cf8___RS_LB 4908.JPG,1,0,False,0.5912897,0.5912897,0.40863675,7.36027e-05
6665e9d247683bfe916fb5cd21b1391e,PV_data/Potato___Late_blight/377e9523-f375-4c0c-9d66-5abf2abfaefb___RS_LB 2504.JPG,1,1,True,0.9998704,0.000106646774,0.9998704,2.2892837e-05
458df3c3421137c00b2ed2fe1cab50cb,PV_data/Potato___Late_blight/38c1c136-d91d-4527-aa8f-623a574a41d9___RS_LB 3042.JPG,1,1,True,0.99999,6.7426454e-06,0.99999,3.28231e-06
6881c0a6e69b4eff68934e2c3cafb04c,PV_data/Potato___Late_blight/3f0fd699-1ce7-437e-a899-662a51d59974___RS_LB 2904.JPG,1,1,True,1.0,4.65803e-09,1.0,2.4670435e-12
49156ae8aa554183560c0f6ce828d396,PV_data/Potato___Late_blight/3f24e6f6-ff9f-4416-9fce-b8153a030de2___RS_LB 2730.JPG,1,1,True,0.9999994,1.11229134e-07,0.9999994,4.3875787e-07
4be36f367c40f032bd49e1809a658012,PV_data/Potato___Late_blight/40285dce-33de-4a59-82f4-2eb1d6d38469___RS_LB 4929.JPG,1,1,True,0.9989493,0.0010303295,0.9989493,2.0373984e-05
caee6e8d99ab4dfa5590bd47fedf2d64,PV_data/Potato___Late_blight/42bc0da9-199f-428f-854c-a9b05c57aa75___RS_LB 2770.JPG,1,1,True,0.99844533,0.00041716543,0.99844533,0.0011375563
451552bc6cb2f6bd5fc06425fbd880ca,PV_data/Potato___Late_blight/465669d7-b75c-4aab-8ccc-af3566baf2e3___RS_LB 4985.JPG,1,1,True,0.99979174,0.00020684162,0.99979174,1.3171838e-06
7abfa5e6288d789deb64db68ee90ac95,PV_data/Potato___Late_blight/489107b2-13f2-401b-b931-39ca7fd4be2b___RS_LB 2665.JPG,1,1,True,1.0,4.142961e-09,1.0,2.2808377e-08
423540fa941fbe8d075a1430d760725f,PV_data/Potato___Late_blight/4a5c555b-3f00-4553-b6a4-3be268969d7f___RS_LB 4323.JPG,1,1,True,0.99990404,7.606252e-05,0.99990404,1.9934592e-05
7ae12ec9eacb43bec5ee8ba6793b6b0e,PV_data/Potato___Late_blight/4d213f48-e73a-45bf-badd-ead51dda60b4___RS_LB 2981.JPG,1,1,True,0.9999484,5.1660685e-05,0.9999484,9.031074e-09
223e11137e8eb94d901c229d918bccd5,PV_data/Potato___Late_blight/4f138229-2f00-4374-9c16-3732660bf011___RS_LB 4105.JPG,1,1,True,0.99993336,1.5266098e-05,0.99993336,5.1346542e-05
64aedde05941ff5f800add318690e23b,PV_data/Potato___Late_blight/51a85617-5433-4a07-b822-fa1975cf76b1___RS_LB 4778.JPG,1,1,True,0.9207134,0.07907151,0.9207134,0.00021503413
a32f1eb09de0094fd8d8ffa1b14befd4,PV_data/Potato___Late_blight/51eb7a7a-99b4-47c4-be2f-2de9f4e5e985___RS_LB 5182.JPG,1,1,True,0.9739576,0.011407178,0.9739576,0.014635252
2a3aee90b27e3d6555dd6653ae419619,PV_data/Potato___Late_blight/52c6891d-e627-4ebf-a080-3e8051531f5a___RS_LB 4092.JPG,1,1,True,0.99936503,2.8236434e-05,0.99936503,0.0006067183
9f38bd588963fb82f305a5130f15d091,PV_data/Potato___Late_blight/530d9a52-266a-49ca-b0d0-a430acac0011___RS_LB 5054.JPG,1,1,True,0.99921656,0.00078217604,0.99921656,1.2199542e-06
8bf81027d0c22e4df39c9db8709c8906,PV_data/Potato___Late_blight/53e33b6d-9fc5-441b-b638-3bf067f92a99___RS_LB 2753.JPG,1,1,True,0.999995,4.6386413e-06,0.999995,3.1990024e-07
deb580301072f33412af9cd1828c675d,PV_data/Potato___Late_blight/55ed5831-c628-4352-87a8-13077705fb9a___RS_LB 2872.JPG,1,1,True,1.0,5.0773522e-08,1.0,2.1238324e-10
62f74e16a20d1d22dd4d598bf9245f3c,PV_data/Potato___Late_blight/57980690-2488-4715-ae89-84e84d17ee10___RS_LB 3978.JPG,1,1,True,0.93372804,0.003602263,0.93372804,0.062669724
676144126b9311f05717fbe63d6fd3c6,PV_data/Potato___Late_blight/59dcc102-c55f-4a13-991e-8c53db4ce76d___RS_LB 5189.JPG,1,1,True,0.9987631,0.0012369185,0.9987631,3.7544385e-08
35dddc1724cefaa392b7a38e166c1534,PV_data/Potato___Late_blight/5d85a25d-ed5a-459d-89fc-8bc9118518bc___RS_LB 4646.JPG,1,1,True,0.99892014,0.0010797764,0.99892014,2.346702e-08
e6114023701c41a645fa24ca2d0a7c84,PV_data/Potato___Late_blight/6148bead-5236-461d-90ca-bc552dc95abc___RS_LB 2983.JPG,1,1,True,1.0,2.0201752e-11,1.0,9.0889386e-11
937b425c36e65a058c94dd07951cd94e,PV_data/Potato___Late_blight/62d41420-8e32-47d2-9a37-698c07f7dc16___RS_LB 2543.JPG,1,1,True,0.9990414,0.0006903431,0.9990414,0.00026826627
92b8790013f94ba819110e51a5dbb93e,PV_data/Potato___Late_blight/64fd9d16-28df-4dd7-9bb5-973bbd9ac6db___RS_LB 4654.JPG,1,1,True,0.9997372,0.00026255826,0.9997372,2.7214895e-07
d4fa67933bcdf33b4f199c0aaecb3a09,PV_data/Potato___Late_blight/65bab626-51a1-4d16-ab9c-ddd25f4e2e33___RS_LB 4927.JPG,1,1,True,0.7863863,0.21360758,0.7863863,6.128387e-06
410f06f15008e2e02eb2f71a9e08d31b,PV_data/Potato___Late_blight/66473aff-3438-4a8c-8c05-5fed8a4255ae___RS_LB 4473.JPG,1,1,True,0.993513,0.0064857905,0.993513,1.1655866e-06
945c832bbb752370762a455b499c2989,PV_data/Potato___Late_blight/668455c6-f7cf-4dc3-a4a8-858e7d4b55c9___RS_LB 3878.JPG,1,1,True,0.99878544,6.743659e-05,0.99878544,0.001147105
096141528ddc06ebef561504c65e3314,PV_data/Potato___Late_blight/6c5ac624-844c-4d01-b030-38e1130e890a___RS_LB 3973.JPG,1,1,True,0.9979755,0.0019960126,0.9979755,2.8515165e-05
6a4f6715ff20f2a8548b02d104c58c9e,PV_data/Potato___Late_blight/6e9fc91a-e20f-4431-bc54-8492d7ec788e___RS_LB 4527.JPG,1,1,True,0.9999956,4.434959e-06,0.9999956,6.5270783e-10
dab2f347cc6ff7bad0a3f5b583a08aba,PV_data/Potato___Late_blight/6f0fffdc-876f-449f-b03e-f25081f2c44f___RS_LB 4096.JPG,1,1,True,0.9962787,0.0014488588,0.9962787,0.002272454
2c8df8b608679f7f30c5fc241aa3fa62,PV_data/Potato___Late_blight/6f669c56-c863-4c71-be49-8d020d3f7d3d___RS_LB 5128.JPG,1,1,True,0.99997246,2.7584605e-05,0.99997246,1.8828812e-09
2961ef0f11d3e48efdc3c8c97696a18e,PV_data/Potato___Late_blight/734b84f8-3bcb-4abd-bf22-0896a16e8df7___RS_LB 2929.JPG,1,1,True,1.0,1.6629122e-10,1.0,1.01761585e-10
ab1d47edc679c7cc967deface428e2fc,PV_data/Potato___Late_blight/7774658c-0dcb-4b7c-a1fa-573de03373dd___RS_LB 3135.JPG,1,1,True,0.99996674,3.3110966e-05,0.99996674,1.6503658e-07
171381e1116579954f9b8c459a67de6f,PV_data/Potato___Late_blight/777a492f-3dfb-4bcf-8b33-a9b09fb21e6e___RS_LB 4866.JPG,1,1,True,0.86078453,0.0053199315,0.86078453,0.13389549
66ae0f7036377c6774a3e1ff21416be2,PV_data/Potato___Late_blight/77c271bd-0798-4336-8bea-f2a80e8e8906___RS_LB 3290.JPG,1,1,True,0.99999964,3.7211345e-07,0.99999964,6.7653085e-11
000782c57ff607c5347c88f5d19cb843,PV_data/Potato___Late_blight/782bc9dd-286b-46ee-b896-fa5520f57b0c___RS_LB 4408.JPG,1,1,True,0.9999901,8.3415625e-06,0.9999901,1.6079756e-06
9194e7c41cbf7e4a32d380ccd6e00a38,PV_data/Potato___Late_blight/790eb0ba-6878-4b5a-85fb-481aa37783a3___RS_LB 3872.JPG,1,1,True,0.9990884,0.00047642432,0.9990884,0.0004351757
1f32e869582f2a50fa43642ed7159499,PV_data/Potato___Late_blight/792d4339-f459-4ef6-aef9-431c64c95cc1___RS_LB 3251.JPG,1,1,True,0.9953795,0.004614795,0.9953795,5.6313347e-06
2a3d36fc05acc8c2a4dde148dccabb0d,PV_data/Potato___Late_blight/794ef65d-1a4c-445a-b77c-f00d36ec82c6___RS_LB 2869.JPG,1,1,True,0.9773826,0.022616614,0.9773826,7.529626e-07
98057739fe6ba450316c6594b458642d,PV_data/Potato___Late_blight/794fae1d-55b2-4275-8fce-174728963813___RS_LB 2841.JPG,1,1,True,0.99997723,3.195049e-07,0.99997723,2.2432758e-05
ede0c42e62a9e971a54bcbfe8ebfaa3a,PV_data/Potato___Late_blight/7b5a2c96-f276-477a-8e7e-3325b02719a7___RS_LB 4613.JPG,1,1,True,1.0,4.873089e-09,1.0,1.1648662e-09
52c392a7c990dd2e379a721e9d3c64fb,PV_data/Potato___Late_blight/7bf67e1e-57c8-4f68-bc5a-56b2a69f30ec___RS_LB 2509.JPG,1,1,True,0.99897206,0.0002417541,0.99897206,0.0007861638
aa98b1b057d4fddd5434ecde79a58863,PV_data/Potato___Late_blight/7efcdebc-93be-4168-9965-2b2be46823d8___RS_LB 3249.JPG,1,1,True,0.99801135,0.0019879923,0.99801135,6.274402e-07
bf441c784dea0e45cb2ced88497eba72,PV_data/Potato___Late_blight/805f68c3-b0a9-4072-8ef6-4c48d804e888___RS_LB 5159.JPG,1,1,True,0.9999951,1.0903501e-06,0.9999951,3.7804218e-06
a37fbf5ac7e710f0524586f9660fef04,PV_data/Potato___Late_blight/84559c6d-0589-4d8d-8fc3-a818b067f85c___RS_LB 4608.JPG,1,1,True,0.9999987,5.7793676e-07,0.9999987,7.3883297e-07
01bc17e0a04f0d8d2a2bfbe253381089,PV_data/Potato___Late_blight/84f666da-9e17-4e90-9813-0ed64da175d9___RS_LB 2536.JPG,1,1,True,0.9999001,9.9729914e-05,0.9999001,1.12203104e-07
96cec66c60ab8fb648bc02bdbd8ef09c,PV_data/Potato___Late_blight/85bbcdd2-a9fe-46d1-8e0e-f4e2c5e885fe___RS_LB 3218.JPG,1,1,True,1.0,1.1466759e-08,1.0,1.182835e-10
4426d82c763132156b7a1651f1b69b42,PV_data/Potato___Late_blight/86323439-ca8d-4819-ae81-800e50f85770___RS_LB 2826.JPG,1,1,True,0.999907,7.146775e-05,0.999907,2.1452066e-05
c137604d8201c8cfeeb6d610501ad5ba,PV_data/Potato___Late_blight/8692ff0d-260b-4fb9-9598-efa91456c2bd___RS_LB 5438.JPG,1,1,True,0.99999845,1.3146459e-06,0.99999845,2.2866459e-07
e023c5046b89accc65f4563407624911,PV_data/Potato___Late_blight/87681326-2843-4e63-9042-602b08a98a66___RS_LB 4145.JPG,1,1,True,0.9891478,0.005783307,0.9891478,0.0050689657
168f18265f283cdb4a6c87009949bb3e,PV_data/Potato___Late_blight/87c99be5-a930-410f-8529-e79e030cba0c___RS_LB 5294.JPG,1,1,True,0.9999994,3.756843e-08,0.9999994,6.124409e-07
998334765a9e2e9f21d5f78976bf76ed,PV_data/Potato___Late_blight/891ddb02-a289-4d8e-8380-7568686b7a08___RS_LB 3193.JPG,1,1,True,0.99999905,4.7528874e-07,0.99999905,4.846237e-07
a5674b26506ede223ecc115f99605f95,PV_data/Potato___Late_blight/89ad1a3c-db3c-4d75-9c92-64cea1433f89___RS_LB 2820.JPG,1,1,True,0.99694484,0.002602044,0.99694484,0.0004531256
ef79f20d50a736101bb3a1af50b898c4,PV_data/Potato___Late_blight/8b0ef54c-6d28-47bb-a657-287afbb8a620___RS_LB 3298.JPG,1,1,True,0.99286413,0.007134907,0.99286413,9.884284e-07
f1fe5d27d19e2a51da4eb562845674d5,PV_data/Potato___Late_blight/8c1960cd-20e2-4a9c-a1ee-9800289b884f___RS_LB 3941.JPG,1,1,True,0.85692626,0.06846124,0.85692626,0.0746125
e640764c2062eb993f4b1f960b233b49,PV_data/Potato___Late_blight/8f634ae3-010a-4a08-aae9-2aa43bc73a0a___RS_LB 4069.JPG,1,1,True,0.9872601,1.7408169e-05,0.9872601,0.012722444
53b641b2f4cb4928a07cd12751cbc7df,PV_data/Potato___Late_blight/8f93f47b-2ee7-482b-9e18-20af5eb98d79___RS_LB 4889.JPG,1,1,True,0.75617397,0.22305281,0.75617397,0.020773297
2c3c5ccdd46c131486c30eb979102f0a,PV_data/Potato___Late_blight/9254f86d-5d83-4217-a7f5-84d08e1b93ee___RS_LB 4037.JPG,1,1,True,0.99993217,6.378653e-05,0.99993217,3.9859738e-06
eef182e8cd932fef8c58d72e82176ab9,PV_data/Potato___Late_blight/93935af4-3aae-4dd6-90d9-fb28e439faf0___RS_LB 3299.JPG,1,0,False,0.9699498,0.9699498,0.030048966,1.3016002e-06
e5c778707aab2741a10c2f0f8c30fc16,PV_data/Potato___Late_blight/939a9a98-cbc9-4b83-bb47-395f26d7fddd___RS_LB 4293.JPG,1,1,True,0.85355055,0.12990306,0.85355055,0.016546376
14bde8a7261aec8d5ab5c817398a2708,PV_data/Potato___Late_blight/967a677a-712c-447f-ba27-f59818944af0___RS_LB 4353.JPG,1,1,True,0.9999999,1.2697296e-07,0.9999999,3.1665447e-08
89f0c94cc2a1f5a144e87b3bfb831856,PV_data/Potato___Late_blight/96879d98-11ca-40c7-9708-9ca8f235f407___RS_LB 2739.JPG,1,1,True,0.99999964,3.9223968e-07,0.99999964,5.6034355e-09
29252e525e82c6e5c6a30857a1f02c20,PV_data/Potato___Late_blight/96a70433-9204-4a41-acad-d39932559068___RS_LB 3200.JPG,1,1,True,0.9999186,7.9932994e-05,0.9999186,1.4551807e-06
eddceb358558e1647f44fa4d21fdfbfc,PV_data/Potato___Late_blight/99064106-3789-4de4-b109-ebc83a20d94b___RS_LB 2757.JPG,1,1,True,0.99873585,0.00014138814,0.99873585,0.0011227755
ec99812e9766640a5f80f9a82e085869,PV_data/Potato___Late_blight/9caba61f-ea63-4ea5-9d85-1f22b6a1a006___RS_LB 4451.JPG,1,1,True,0.9999734,2.6576628e-05,0.9999734,5.75775e-09
dce3ec81cbc878d56f0b68224430f223,PV_data/Potato___Late_blight/9cd7c33b-e29a-4300-ba19-183fb6c82aca___RS_LB 4124.JPG,1,1,True,0.99975914,0.00023292893,0.99975914,7.890795e-06
1c5eb870e2573e2c66b1bd5c6553a1c5,PV_data/Potato___Late_blight/a0c129b8-4fb3-406d-b2f6-1309fec50c70___RS_LB 5139.JPG,1,1,True,0.99999726,2.677331e-06,0.99999726,5.2035176e-08
d2b239bd37f791ec9c955371fc093eb2,PV_data/Potato___Late_blight/a10d340a-b35c-4310-be59-caa58bb0d500___RS_LB 5154.JPG,1,1,True,0.9935376,0.006459233,0.9935376,3.201201e-06
6dbfbc89268ff0ef94bca8ba643d88a6,PV_data/Potato___Late_blight/a3389c1f-d888-430d-bcf7-a546247ad6d2___RS_LB 3092.JPG,1,1,True,0.9999962,3.5869512e-06,0.9999962,1.7950687e-07
99be6cc62ff6092a467aa9d7c55900d2,PV_data/Potato___Late_blight/a6b27bfe-0e60-4984-98ca-af4b2316dfff___RS_LB 3881.JPG,1,1,True,0.9999832,1.2279685e-05,0.9999832,4.58664e-06
d6c3dcb0e7be67e640d6c28bc5b10a53,PV_data/Potato___Late_blight/a8db407c-12cb-460c-991a-8f60d20c06bc___RS_LB 5117.JPG,1,1,True,0.9925902,0.0074078254,0.9925902,1.9789036e-06
ce2148b74284aaca26bbfcac070a9ed1,PV_data/Potato___Late_blight/a9c8a264-33be-48f1-bd1d-2cc6c9c8e247___RS_LB 4888.JPG,1,1,True,0.5961994,0.39390546,0.5961994,0.009895171
3ab8759b73d02ea581141d4e0c511fa0,PV_data/Potato___Late_blight/a9d4290d-55a1-4a8d-83a8-5277a00e5fbc___RS_LB 4076.JPG,1,1,True,0.9996321,5.035428e-05,0.9996321,0.0003175582
22f101492d59100fcf7b26d26153f6c3,PV_data/Potato___Late_blight/aa58c1c8-82a1-4e68-9ecb-3cd47341d09b___RS_LB 4331.JPG,1,1,True,0.9999999,9.2361496e-08,0.9999999,2.0352373e-09
c26ff97b518ca3d0b1b4891aba846055,PV_data/Potato___Late_blight/ab72ec63-290e-4e95-ab0a-b551ed44ab3b___RS_LB 3286.JPG,1,1,True,0.99999976,1.9456776e-07,0.99999976,8.035302e-12
f57c5e17af3eb8675675c548af53857d,PV_data/Potato___Late_blight/aec94baf-a0e8-43af-80af-4bab46d84ad8___RS_LB 5100.JPG,1,1,True,0.9956741,0.0043258313,0.9956741,8.742561e-08
92bbf061e41e7515507025cd4b69eb23,PV_data/Potato___Late_blight/afcad9ca-9bd2-4c7b-b034-2b3d0360ac30___RS_LB 2741.JPG,1,1,True,0.9999999,1.9085993e-08,0.9999999,1.0539125e-07
1149296ada784f504e1277d72684ad8a,PV_data/Potato___Late_blight/b598f9a7-b582-4fef-9c3d-cc985f2f9c03___RS_LB 3294.JPG,1,1,True,0.9999988,1.1852231e-06,0.9999988,1.1578302e-08
cbaed58529250a05b2175b4fa33216f6,PV_data/Potato___Late_blight/bb1949c9-c779-4490-b1cc-d82302bc1df9___RS_LB 2901.JPG,1,1,True,1.0,8.036936e-10,1.0,2.6702274e-09
10ef4548b2f4b294dff40530c2ae7db7,PV_data/Potato___Late_blight/be6b5fab-c3de-4d33-b7fc-87bf794d8705___RS_LB 4850.JPG,1,1,True,0.9994894,0.00015203316,0.9994894,0.00035848157
b026ded0995a7650a9fb3ce23a31e2b2,PV_data/Potato___Late_blight/bf07f2b7-6ab3-4192-a418-ecabc32a11fe___RS_LB 2576.JPG,1,1,True,0.9993192,0.0006680252,0.9993192,1.280317e-05
464f4646fb40cb2a4f3f064fdfdd3796,PV_data/Potato___Late_blight/c268fd1d-0a6d-46f1-bbcd-81b4e79894e6___RS_LB 2808.JPG,1,1,True,0.9993955,1.01650385e-05,0.9993955,0.0005942914
65a536e2415e43161ea1caabee5f589b,PV_data/Potato___Late_blight/c6d1bbe7-c1d8-4760-9bb2-a97eac1ca0a8___RS_LB 3838.JPG,1,1,True,0.99502826,0.0010033598,0.99502826,0.0039683124
8d498da8e18a64b3e93d51012c397554,PV_data/Potato___Late_blight/c7c82b7c-078f-4ba9-90e3-db36a73bda22___RS_LB 5430.JPG,1,1,True,0.9992981,0.00070077716,0.9992981,1.0961554e-06
7484f34f3d14914e802bde19772685b5,PV_data/Potato___Late_blight/cb4fe901-5ca8-43e9-9a4f-3b9bf34ea364___RS_LB 3943.JPG,1,1,True,0.8387847,0.15451616,0.8387847,0.006699091
90376ccfa874c83ce739fe1c53c13eda,PV_data/Potato___Late_blight/ccdf64d2-81fe-429e-8041-05b5a9ce50c9___RS_LB 5052.JPG,1,1,True,0.9995653,0.00039333035,0.9995653,4.139119e-05
27b92f00623ae9f4da1ee5aaa92cdfba,PV_data/Potato___Late_blight/cdd030ec-609e-4f61-9335-6cf89a6f35d2___RS_LB 2776.JPG,1,1,True,0.99972874,0.00027103204,0.99972874,1.744864e-07
637fdc0db4d5c1899c2b9bc94a77885b,PV_data/Potato___Late_blight/ce5ec29b-599c-4c69-ba4d-04df7ab1c46f___RS_LB 4945.JPG,1,1,True,0.99995625,4.3734413e-05,0.99995625,1.1009781e-08
4d0e63c9eb626ce9d3d7df4d7ba5659c,PV_data/Potato___Late_blight/cf979c44-abfa-4ed3-865e-ee0c204ba9f0___RS_LB 4662.JPG,1,1,True,0.9974806,0.0025194678,0.9974806,1.7569596e-10
c4f078133297cee587c06a357d22d990,PV_data/Potato___Late_blight/d105e6d5-4268-4b21-8709-24b894196454___RS_LB 3282.JPG,1,1,True,0.9997087,0.00029129564,0.9997087,1.3077685e-08
1fb8224db1b7baa4e33b6f7bdbe8aab1,PV_data/Potato___Late_blight/d3811753-f672-405c-afa3-8fbaa2715bf4___RS_LB 2720.JPG,1,1,True,0.9973585,0.0003695909,0.9973585,0.0022718995
df17e0a35133aa82d16ade1d61b13a92,PV_data/Potato___Late_blight/d43fa915-e947-4316-b0f5-0f925c5d9625___RS_LB 3969.JPG,1,1,True,0.9990666,0.00083952665,0.9990666,9.3810835e-05
d57e0a05a83a390686d335da51a0b016,PV_data/Potato___Late_blight/d50d5ba8-c809-431c-8cc1-e297bc2706f7___RS_LB 4467.JPG,1,1,True,0.9941426,0.0058574253,0.9941426,2.8574563e-09
427e83ab856caf2348bccd331e1991ea,PV_data/Potato___Late_blight/d5a52702-2160-4f20-a1d8-49db59f83f9a___RS_LB 3213.JPG,1,1,True,0.9999999,5.395111e-08,0.9999999,1.1942341e-08
c9e71dd691aa39eff7e2455011e508aa,PV_data/Potato___Late_blight/d5bf2575-1e57-4792-81a1-5770e701be1b___RS_LB 3209.JPG,1,1,True,0.93482333,0.064261995,0.93482333,0.0009147283
1f0c6c820c48c142bbe9f48d3b2d5d80,PV_data/Potato___Late_blight/d66ee513-26cc-4676-8aeb-9902e0969d2b___RS_LB 3999.JPG,1,1,True,0.90480196,0.07802733,0.90480196,0.017170737
2d4712852daed8da024a5a6d389a5cd0,PV_data/Potato___Late_blight/d6a4ae30-77a6-458c-99e4-c817e7234aa3___RS_LB 4706.JPG,1,1,True,0.9999981,1.962073e-06,0.9999981,1.7121493e-09
99144782d16eff41ed3150d08a6c813f,PV_data/Potato___Late_blight/d7ef98cc-2d20-42ef-983a-5e45805a8ee6___RS_LB 3841.JPG,1,1,True,0.99996245,1.4948147e-05,0.99996245,2.2590928e-05
f1fd91e4267f728d72f62037b189db9a,PV_data/Potato___Late_blight/d994fd7e-a338-42c5-ac37-ede01c18999e___RS_LB 5134.JPG,1,1,True,0.9999976,2.440283e-06,0.9999976,1.5594167e-09
3840a29d2be6178d2d1626918beb1944,PV_data/Potato___Late_blight/dac53cd2-477e-4f7b-a59d-bb9018eec686___RS_LB 2879.JPG,1,1,True,0.9999379,6.2126994e-05,0.9999379,2.2931612e-09
8fea97eba5fb85421a559245d6f38ac3,PV_data/Potato___Late_blight/dae7db93-d197-4616-a16b-5dcc59058bc2___RS_LB 3178.JPG,1,1,True,0.9924372,0.006501743,0.9924372,0.0010610262
058294903087b5dc510b2df5aef8ff39,PV_data/Potato___Late_blight/de0ae213-3479-4f07-b7f8-d59607a2caa8___RS_LB 2528.JPG,1,1,True,0.9999957,8.152332e-08,0.9999957,4.187538e-06
9a77744cccb62c8f04212477d51e6431,PV_data/Potato___Late_blight/df0f75cf-febd-4fde-84a0-7c4da9f97fd2___RS_LB 2534.JPG,1,1,True,0.9758178,0.013843604,0.9758178,0.010338561
51b61bea2948db3ef8dee204785f3b71,PV_data/Potato___Late_blight/df40ffa7-8efd-4720-8786-a30b9011dcfc___RS_LB 4150.JPG,1,1,True,0.9661648,0.02376351,0.9661648,0.01007174
1735eebb268496d9e12f06bbfe400e2b,PV_data/Potato___Late_blight/df60df5b-a619-4b38-926d-6372c0f6329a___RS_LB 5308.JPG,1,1,True,0.9991342,0.0008636648,0.9991342,2.075233e-06
263210147aaa957772c901d2b80e7f9e,PV_data/Potato___Late_blight/e12ede80-8428-4424-b95d-5d3267d112a8___RS_LB 3079.JPG,1,1,True,0.9999999,4.6113655e-08,0.9999999,1.5323979e-08
a5b4ea6aa052f707a4b89427eacda5af,PV_data/Potato___Late_blight/e2d4d58b-8754-4c63-b888-8355ddbcb989___RS_LB 4863.JPG,1,1,True,0.9991756,0.00070436305,0.9991756,0.00011995561
fd91f0a02046664c3fe9f7ff92a0902c,PV_data/Potato___Late_blight/e4d454e4-c1e4-4597-8e76-77a93465b41d___RS_LB 2868.JPG,1,1,True,1.0,5.7315264e-10,1.0,1.2664487e-09
d7c6bc1e5acacd92896316e4043b2c32,PV_data/Potato___Late_blight/e6d7f5aa-d176-4e43-9e0c-afc2901442f6___RS_LB 3066.JPG,1,1,True,0.99999404,1.9908866e-06,0.99999404,3.9583238e-06
56976b52ee88bdb91990f9b544dccd9c,PV_data/Potato___Late_blight/e95f2954-1b68-490d-9684-90b3080676b1___RS_LB 3997.JPG,1,1,True,0.9864764,0.009476741,0.9864764,0.0040468364
f18174e8b6e933200376d1307617532e,PV_data/Potato___Late_blight/ec53a246-df50-44c1-a87c-c8296f25f20c___RS_LB 4717.JPG,1,1,True,0.9997421,0.000249877,0.9997421,8.038306e-06
77b1ebf857fe4333911ba9519cb988f8,PV_data/Potato___Late_blight/ef48ec23-0655-43d7-9475-8e73086033a2___RS_LB 5219.JPG,1,1,True,0.9999939,9.70002e-07,0.9999939,5.1579423e-06
5f51c931566a724dde151a32ab13d915,PV_data/Potato___Late_blight/f2676f08-798e-4291-8aa2-0655ca54cb07___RS_LB 4292.JPG,1,1,True,0.58407724,0.41249132,0.58407724,0.0034315062
6da05e20e6673fa1bf2a19c8e5ac1f88,PV_data/Potato___Late_blight/f3ee2886-4ada-4287-94b6-c4c93005b887___RS_LB 4352.JPG,1,1,True,0.99999034,9.699177e-06,0.99999034,4.1635486e-09
01376b57d51e35422cd34414dd7992d9,PV_data/Potato___Late_blight/f528b00d-99a6-41db-8d96-9eed58b519c1___RS_LB 4544.JPG,1,1,True,0.999884,0.00011603115,0.999884,9.901644e-10
fdd4654fddb99238937305f60c14adad,PV_data/Potato___Late_blight/fb13e4c8-17e4-48a9-899b-dfc7f302196c___RS_LB 4374.JPG,1,1,True,0.99999964,4.0222437e-07,0.99999964,1.1557307e-08
a50e41af249ad2b2f673ab0c0f26cbad,PV_data/Potato___Late_blight/fe4bbe61-ddd7-464f-8aa6-e292b8686c70___RS_LB 2902.JPG,1,1,True,1.0,3.979196e-09,1.0,2.2865577e-11
ac2e3f7f857775f03360b1be9e1944fb,PV_data/Potato___Late_blight/fe72d959-6788-4b19-9285-e0b2919dc718___RS_LB 2516.JPG,1,2,False,0.97343296,0.0015211718,0.02504581,0.97343296
494475868ee09f3036ba544acf6e2179,PV_data/Potato___healthy/04481ca2-f94c-457e-b785-1ac05800b7ec___RS_HL 1930.JPG,2,2,True,0.9724176,0.0017827078,0.025799628,0.9724176
6ec8de0b140d11e4fdecdfe6af78492e,PV_data/Potato___healthy/046641c1-f837-49eb-b5f2-4109910a027c___RS_HL 1878.JPG,2,2,True,0.9969227,0.000258207,0.0028190084,0.9969227
bc5814b2abeb4d124be17bb6ce741edf,PV_data/Potato___healthy/163ada72-4288-4f85-a3c1-feed23c8d1de___RS_HL 1940.JPG,2,2,True,0.9744417,0.0003169312,0.025241474,0.9744417
fb6b3d0e15659a60c4f0f91989011bbb,PV_data/Potato___healthy/1f9870b3-899e-46fb-98c9-cfc2ce92895b___RS_HL 1816.JPG,2,2,True,0.99644595,9.3807605e-05,0.003460195,0.99644595
7884fa57090e5ed24d39dd004582f4f6,PV_data/Potato___healthy/20ac28d6-5708-4e31-8676-1b1979de094f___RS_HL 1735.JPG,2,1,False,0.51940423,0.0008668658,0.51940423,0.47972885
efd58f9ac21389799c817b47b36f8cc2,PV_data/Potato___healthy/2ccb9ee9-faac-4d32-9af5-29497fa2e028___RS_HL 1837.JPG,2,2,True,0.9819741,1.6433265e-05,0.018009512,0.9819741
c1ab5653ce4334811eed286f642f2dee,PV_data/Potato___healthy/56ae1281-5ee5-4f2a-8678-c2e4491878c6___RS_HL 1869.JPG,2,2,True,0.9478111,1.4385136e-06,0.052187387,0.9478111
0ff1758197d6099958ab504da67ae416,PV_data/Potato___healthy/5df30492-0b54-474d-8883-bba9474ca88f___RS_HL 1801.JPG,2,2,True,0.96151704,0.00050586235,0.037977207,0.96151704
453e1a1a89309488b8bf8f58f17083cb,PV_data/Potato___healthy/5e19b1f4-fd65-4c4d-bcd2-18c8c519eddb___RS_HL 1965.JPG,2,2,True,0.9996499,3.4251898e-06,0.00034669338,0.9996499
f5692ea53b1c90c96e01e9c59da191ca,PV_data/Potato___healthy/7bfda067-6e35-4af5-a9c4-4b3b5f357871___RS_HL 1813.JPG,2,2,True,0.9784232,0.0001823749,0.02139442,0.9784232
b6d3109a795817559c49de13bf7b4927,PV_data/Potato___healthy/7e7b6ab4-9adb-4a3b-abfb-8716b0039879___RS_HL 1921.JPG,2,2,True,0.8294479,0.023408169,0.14714396,0.8294479
b2541e2e10cb1cef76dc5f207697a5c2,PV_data/Potato___healthy/882798ca-67c3-45a3-86cf-4aed69388145___RS_HL 1750.JPG,2,2,True,0.99982727,2.472574e-06,0.00017019168,0.99982727
566ae5650804e96f526c1dc3ef744718,PV_data/Potato___healthy/907f26b7-a14f-463f-a41e-f35d6e0f1417___RS_HL 1757.JPG,2,2,True,0.9973367,3.0271858e-07,0.00266296,0.9973367
b48938910921e4bb8dea265a77160cf0,PV_data/Potato___healthy/9c620128-2872-4bbb-bc14-d5b785242cf6___RS_HL 1751.JPG,2,2,True,0.99114513,3.9871273e-05,0.00881515,0.99114513
eb295f07e168c84c65cd320b4c6515f1,PV_data/Potato___healthy/b0fe9fe9-52e7-40e4-b4c0-769f1a0c7fb9___RS_HL 4175.JPG,2,1,False,0.9218582,0.0019393701,0.9218582,0.076202475
9e152d2fef1df26a3be7e399de758f2e,PV_data/Potato___healthy/b28c43f9-5844-4e9b-86bf-36bc114cae07___RS_HL 1736.JPG,2,2,True,0.9091838,0.00074285746,0.09007334,0.9091838
8409440d207ab88ea5638a97e2a6441a,PV_data/Potato___healthy/b35b9f8b-daca-4d12-a5be-defe68d0acc5___RS_HL 1903.JPG,2,2,True,0.89737195,0.0009915075,0.101636454,0.89737195
fd01cb7f73d234a55cc144a7f4ffa8ae,PV_data/Potato___healthy/b8b7b98a-eb1a-4213-9b0b-aeef4df427e8___RS_HL 1858.JPG,2,2,True,0.9706296,0.013278666,0.016091723,0.9706296
583e8fbc5657d3a32d2277f535bec8cd,PV_data/Potato___healthy/bf2bffbb-cd8f-4d36-bd58-847808397c75___RS_HL 1786.JPG,2,2,True,0.9940736,2.670176e-06,0.0059235934,0.9940736
cd3944c9c7246d62f4b7aaad35eea027,PV_data/Potato___healthy/c07db642-c675-4066-99b6-56bc8207fb37___RS_HL 4164.JPG,2,1,False,0.9835805,0.008665225,0.9835805,0.007754253
9c86085a4bb7d17e59de285a99a98a37,PV_data/Potato___healthy/d227e4c8-e203-4aa4-b813-25b96baa2869___RS_HL 1831.JPG,2,2,True,0.89115596,4.1694646e-05,0.10880234,0.89115596
4dd0bc11cdbfbc830b5acd2fbcb2bed9,PV_data/Potato___healthy/d340704d-cc00-4068-bb8a-ae70840b7bfa___RS_HL 1773.JPG,2,2,True,0.79133433,0.00642733,0.20223837,0.79133433
6b3faff3ef20fb0bf441bb04b70739b0,PV_data/Potato___healthy/f0fdde26-78b4-46f0-9eb8-7c2a743d34aa___RS_HL 4165.JPG,2,1,False,0.9961212,0.0034870517,0.9961212,0.0003916898
