image_id,path,y_true,y_pred,correct,confidence,prob_Apple_scab,prob_Black_rot,prob_Cedar_apple_rust,prob_healthy
25c94f4ef374534b260d4c71a3793ee5,PV_data/Apple___Apple_scab/0261a6e4-21f8-481a-8827-b674e6955644___FREC_Scab 3055.JPG,0,0,True,0.9998957,0.9998957,1.1341961e-05,9.2753e-05,2.6051788e-07
95d147bfbf9eaf2eaf16e88567702230,PV_data/Apple___Apple_scab/029424b0-0ef5-491b-9ef5-069190d24d8f___FREC_Scab 3504.JPG,0,0,True,0.99754494,0.99754494,7.813114e-06,0.00011926906,0.0023279036
8589fcb8268b141aa8c29bfedf5e4e3f,PV_data/Apple___Apple_scab/09ba6ad9-aa8d-4493-b1bf-818a4b30c4aa___FREC_Scab 2981.JPG,0,0,True,0.9992655,0.9992655,0.00051887706,2.931641e-05,0.00018630478
c7e49e43087bd8d64d3e20cdaf1539e9,PV_data/Apple___Apple_scab/0c620ec5-11cf-4120-94ab-1311e99df147___FREC_Scab 3131.JPG,0,0,True,0.99997604,0.99997604,2.7956946e-06,1.9127603e-05,2.118207e-06
56237c0e8483f01b2183ff223524b27e,PV_data/Apple___Apple_scab/0cbfa4fa-63d8-43ce-9385-ff140e524b69___FREC_Scab 3164.JPG,0,0,True,0.9997001,0.9997001,9.745528e-07,3.6999696e-05,0.0002619068
f96e1e9c04e66fb128f832bc1927cab3,PV_data/Apple___Apple_scab/13b16e68-c82c-4de8-ab34-877ff352e821___FREC_Scab 3180.JPG,0,0,True,0.9991984,0.9991984,2.0839243e-06,0.0007643611,3.517099e-05
2fef045f68366a4f026997fb7e9d4885,PV_data/Apple___Apple_scab/18ab74ed-8e95-4787-b2e1-1283594bd00b___FREC_Scab 3012.JPG,0,0,True,0.73562795,0.73562795,0.098115124,0.0076554464,0.15860148
d5dd8c0e5908839438774307d93f5e41,PV_data/Apple___Apple_scab/18ea82fd-4e16-416f-8ad9-54e0f6601693___FREC_Scab 3127.JPG,0,0,True,0.99996233,0.99996233,3.0375083e-06,2.9750967e-05,4.785891e-06
cf2556eba1067aea940b9d3621e0e571,PV_data/Apple___Apple_scab/1a21aabb-6f74-4644-8d9e-a517568b7e9c___FREC_Scab 3095.JPG,0,0,True,0.9999919,0.9999919,2.1410178e-06,5.8795645e-06,1.1686333e-07
f84eb48c84fb4a0d860120f5f316606c,PV_data/Apple___Apple_scab/1cdf2779-8cb1-4ae4-be70-b0eeb1abb0f8___FREC_Scab 3370.JPG,0,0,True,0.9999769,0.9999769,3.8140233e-06,1.6334401e-05,2.9249823e-06
20802babc237d29a00ff5e42c108f04b,PV_data/Apple___Apple_scab/1d9d67e2-5603-4710-ae2b-6cb0b922ae61___FREC_Scab 3122.JPG,0,0,True,0.99996257,0.99996257,2.3186862e-05,3.9757992e-06,1.0304417e-05
6352a96bb7df269cb6d9bef84acb1abe,PV_data/Apple___Apple_scab/20f4f8d1-7527-420b-a90d-e17b9e45549a___FREC_Scab 2997.JPG,0,0,True,0.9999932,0.9999932,5.436622e-06,1.2786533e-06,5.431346e-08
8ffcd4bd275371b9ac804cca4450de79,PV_data/Apple___Apple_scab/246c33b0-fac8-4cca-ae8b-17947338b8b2___FREC_Scab 3091.JPG,0,0,True,0.9999989,0.9999989,8.994385e-08,9.3336445e-07,7.2781674e-08
cf2dd395c13b9b5ec49a13801695926a,PV_data/Apple___Apple_scab/24d43ad3-24e6-4236-8ef7-59b268520ca3___FREC_Scab 3533.JPG,0,1,False,0.7700826,0.11789766,0.7700826,0.010208058,0.10181174
74b37236e9d8ec7ac222a9d90131d91a,PV_data/Apple___Apple_scab/27338275-3c75-4bbf-8d74-7b90e9d224d3___FREC_Scab 3269.JPG,0,0,True,0.99871445,0.99871445,0.0011723547,5.6419023e-05,5.672936e-05
d1d55595fafeacf90bcf181e27928f77,PV_data/Apple___Apple_scab/2a59761b-c91c-451c-8e13-d9dc3aff8d29___FREC_Scab 3503.JPG,0,0,True,0.995789,0.995789,2.828479e-05,1.6647953e-05,0.0041661207
41bbf09fe3dfa40e7179a86f6041b93e,PV_data/Apple___Apple_scab/2f1e68c0-c059-46fd-bbf3-f160817abdc3___FREC_Scab 3535.JPG,0,0,True,0.94278234,0.94278234,8.0130405e-05,0.0002134088,0.056924026
c73eea6dafedcb550629b028b259775a,PV_data/Apple___Apple_scab/321c7135-853f-444d-9952-a893e660d966___FREC_Scab 2958.JPG,0,0,True,0.9981984,0.9981984,0.0012289541,3.5436937e-05,0.00053720427
43b3466f810ffff0a6ab7613a46c7d45,PV_data/Apple___Apple_scab/3652fd23-ba4c-4958-8db8-3aff8f614dfd___FREC_Scab 3377.JPG,0,0,True,0.9496755,0.9496755,0.003122214,6.6792076e-05,0.047135554
128cb71760a8223e5c6e6d2b85238a9c,PV_data/Apple___Apple_scab/36d99a07-4a43-4416-b204-6886f71d5039___FREC_Scab 3294.JPG,0,0,True,0.9999943,0.9999943,3.8095493e-06,4.5217624e-07,1.3881491e-06
8101d9826f35adc09da94ad7dd1d5f40,PV_data/Apple___Apple_scab/40d60cf0-1311-40c7-9e7e-579e74c92027___FREC_Scab 3136.JPG,0,0,True,0.9996058,0.9996058,0.00037772497,1.6258185e-05,2.4080137e-07
c799adb353f285a4c31419e2022b1b7b,PV_data/Apple___Apple_scab/41c30a63-9e26-4ced-8110-038a2e36b095___FREC_Scab 3298.JPG,0,0,True,0.99995625,0.99995625,2.002819e-05,8.655471e-06,1.5044575e-05
afc920d4dc8294abadb57bff4d5da922,PV_data/Apple___Apple_scab/4512edee-9d3b-451e-845d-86666feebe99___FREC_Scab 3328.JPG,0,0,True,0.99833596,0.99833596,7.4045754e-05,1.9107463e-06,0.0015880545
03d7265d677cba57f08752a5383f30d8,PV_data/Apple___Apple_scab/45a699f2-a02d-4f1f-b628-6d445c58a595___FREC_Scab 3291.JPG,0,0,True,0.99734133,0.99734133,2.8410022e-05,1.0244506e-05,0.002619996
a0c37544d552ec82c24668ef737b7f29,PV_data/Apple___Apple_scab/47b3d8bb-2461-4593-a0fe-a6adf0925a9a___FREC_Scab 2974.JPG,0,0,True,0.9999988,0.9999988,3.576271e-07,7.790924e-07,3.6117125e-08
c357be5e1a9fbbc20b1219d73c981369,PV_data/Apple___Apple_scab/47ebb7a4-a8e0-4a57-95e5-dd8e9d1235a2___FREC_Scab 3147.JPG,0,0,True,0.99998987,0.99998987,2.4935132e-06,3.9353095e-06,3.7598968e-06
ab9baa5e6a5d8a99752c53eed4f9fef4,PV_data/Apple___Apple_scab/4b51cc5d-4122-451b-8598-81ea29dc7cd4___FREC_Scab 3290.JPG,0,0,True,0.79919416,0.79919416,0.00048220626,3.069032e-05,0.20029293
bc29fa93f341707dec822e884a5a849c,PV_data/Apple___Apple_scab/4bb38e05-1d5a-40c6-8638-10db134db682___FREC_Scab 3390.JPG,0,0,True,0.9999821,0.9999821,1.0463448e-07,1.7704982e-05,2.8887403e-08
cecc111188b2cfd225f7e2342e40b188,PV_data/Apple___Apple_scab/517d0958-b10e-4260-a736-7a4bbb9706c0___FREC_Scab 3497.JPG,0,0,True,0.9999517,0.9999517,1.8458458e-07,1.8912973e-05,2.9099836e-05
bfafe14618a3f514192c99e4fc047cdc,PV_data/Apple___Apple_scab/536ce9e9-6c98-42c6-9447-f38073b3e9da___FREC_Scab 3222.JPG,0,0,True,0.94758844,0.94758844,0.00010900238,0.049251813,0.003050706
f7ef9596f79a0e7ff2c396db85faaf78,PV_data/Apple___Apple_scab/550b0aab-e777-4942-a186-fc910e0fa89b___FREC_Scab 3253.JPG,0,0,True,0.99999094,0.99999094,6.9408907e-07,2.8618254e-06,5.5424675e-06
82b042073cf8ee18001ff74f55e89e15,PV_data/Apple___Apple_scab/5c0af4dd-f185-4fc9-ae2c-a697a235d660___FREC_Scab 2955.JPG,0,0,True,0.99938655,0.99938655,0.00038281342,3.581523e-07,0.00023029828
ca1db9316ef1cc2c701ca6fa40b36668,PV_data/Apple___Apple_scab/5eb564a6-cd74-4c90-95d9-611a6301369d___FREC_Scab 3099.JPG,0,0,True,0.98961186,0.98961186,0.010270986,5.276374e-05,6.444134e-05
dc29df2fe3191fb494aea1fe6e310ce7,PV_data/Apple___Apple_scab/60226bd7-db11-4d7e-ba29-a5136f6bebe0___FREC_Scab 3470.JPG,0,0,True,0.99819046,0.99819046,4.8629638e-05,0.00046383592,0.0012970915
ba4cf382048e99fcadb6d22079b16c80,PV_data/Apple___Apple_scab/60f3ba82-caf1-4cf7-998c-b0005458fa38___FREC_Scab 3226.JPG,0,0,True,0.9950049,0.9950049,0.00059739815,0.001976149,0.0024216117
3107653c8b9b1f1830641b70c45a6d01,PV_data/Apple___Apple_scab/62c3478f-3ab0-48df-962f-9d7782ec364d___FREC_Scab 2925.JPG,0,0,True,0.9989974,0.9989974,6.4717113e-07,0.00096000417,4.1993484e-05
1dc9d83091c4ffc581bafe5ead5446a3,PV_data/Apple___Apple_scab/62f548e4-13e0-4e62-bcbc-2bc2c68251f3___FREC_Scab 3273.JPG,0,0,True,0.9866328,0.9866328,0.00026281565,0.009219027,0.0038852214
8e5416ca717044a4059f00a794502cfb,PV_data/Apple___Apple_scab/63e1d796-f00e-4c24-9871-2eae6f9c9ced___FREC_Scab 3078.JPG,0,0,True,0.99955744,0.99955744,8.739534e-06,0.00035622425,7.747233e-05
17bb7f472dda8921ee8b6aa7da9b0c86,PV_data/Apple___Apple_scab/650f4395-7428-404a-b65c-8fd36f204dd6___FREC_Scab 3111.JPG,0,0,True,0.99963117,0.99963117,0.0003218446,1.8185789e-05,2.873194e-05
152c7ac5a9b9373b228b57f36210c52c,PV_data/Apple___Apple_scab/680c56ea-dc23-4b7b-baeb-f51b156c98f6___FREC_Scab 3416.JPG,0,0,True,0.9530528,0.9530528,2.198616e-05,0.04649109,0.00043400016
7a71fcdc22bf28e0e17d1a06b5b50ba9,PV_data/Apple___Apple_scab/68a57535-547d-4287-89cc-6d8acc265372___FREC_Scab 3351.JPG,0,0,True,0.99374014,0.99374014,0.00035862412,0.0034469806,0.002454111
add32505e3e826317bb6caf1f2400618,PV_data/Apple___Apple_scab/6a61688a-c972-4f8f-b3b7-46fd00264240___FREC_Scab 3271.JPG,0,0,True,0.9117147,0.9117147,5.0113253e-05,0.08813127,0.00010396251
103afb315f6506460f79ffcea8d88e35,PV_data/Apple___Apple_scab/6b66d8dd-af9f-43b5-a43f-6e4c6d64bede___FREC_Scab 3248.JPG,0,0,True,0.9999993,0.9999993,1.3650486e-09,3.7451287e-09,6.6482545e-07
1b2017a365d30d77a73becee145e33cd,PV_data/Apple___Apple_scab/6dd6a502-d5b3-4f3d-9231-e7dbd7b54908___FREC_Scab 2937.JPG,0,0,True,0.9999745,0.9999745,2.3310478e-05,1.0801623e-06,1.0937886e-06
a86c83312c94293983193d165cb96fc4,PV_data/Apple___Apple_scab/6e620ce9-bf70-41af-8778-dd46247a3327___FREC_Scab 3405.JPG,0,0,True,0.8605334,0.8605334,0.0009995779,0.01607668,0.12239035
dc859a22578fc747c1a2c1db6088f9b2,PV_data/Apple___Apple_scab/730f20de-a19f-4320-89bf-027dceeff9b5___FREC_Scab 3185.JPG,0,0,True,0.9999639,0.9999639,4.977596e-06,2.7978758e-05,3.1628394e-06
2107a77ce1c6740ba5eeb697c30d23b5,PV_data/Apple___Apple_scab/748e82aa-02b1-4ca7-9fd3-e0184f20644f___FREC_Scab 3354.JPG,0,0,True,0.9994362,0.9994362,8.87379e-08,0.0005636374,3.2757995e-08
7da0a60fa1d28d8956253744d2ef45c4,PV_data/Apple___Apple_scab/75896d3d-899a-4143-9262-c44bcea75237___FREC_Scab 3295.JPG,0,0,True,0.99999726,0.99999726,6.692459e-07,6.1120225e-08,1.9234774e-06
44a48f7adaf6e734c9732de7b5659687,PV_data/Apple___Apple_scab/76eca386-c7c1-4807-ae27-13c793d06e02___FREC_Scab 3272.JPG,0,0,True,0.99999833,0.99999833,7.16024e-07,4.0130946e-08,9.371054e-07
ab955d7fdb1a358e69b0cf3b05dc44b8,PV_data/Apple___Apple_scab/774fb249-80b5-4575-ab5a-5459a9c14ef6___FREC_Scab 3024.JPG,0,0,True,0.9999887,0.9999887,7.8662725e-07,4.830556e-06,5.6773656e-06
2d390e0dd358abf8a31d36270649621b,PV_data/Apple___Apple_scab/792c3972-8724-45b6-8ba0-eec0f675bc50___FREC_Scab 3120.JPG,0,0,True,0.99966705,0.99966705,2.9572172e-07,0.00033223894,3.6634827e-07
2fdcc204ef2ff08802c95dd2a2dce606,PV_data/Apple___Apple_scab/7bf25c0a-6594-4777-9a67-49a6487bb203___FREC_Scab 2993.JPG,0,0,True,0.99998784,0.99998784,3.9914034e-06,7.7918685e-06,4.1257084e-07
4bc158615b2bc3a60e9b7ada8bd512f1,PV_data/Apple___Apple_scab/7c66bda4-301c-4987-85b8-fd8230c5a2f2___FREC_Scab 3324.JPG,0,0,True,0.994991,0.994991,1.3293837e-05,3.7501655e-07,0.0049953624
0d8a93d350f71c46476068dfce23b636,PV_data/Apple___Apple_scab/7e4bbd7a-b494-426f-9f08-755ce4a399e7___FREC_Scab 3331.JPG,0,0,True,0.96793807,0.96793807,0.00063047756,0.000305873,0.031125559
6df25bc2843b7eb5761a8c0fdd454984,PV_data/Apple___Apple_scab/7efdde34-c75b-40bc-92ef-48de08ec0709___FREC_Scab 3027.JPG,0,0,True,0.99998796,0.99998796,6.1575947e-06,1.9025052e-06,3.970762e-06
691d28752512a4e294b6bc49de4352a7,PV_data/Apple___Apple_scab/83d10707-6253-4717-8c8a-6ea3ebb1e0e1___FREC_Scab 3138.JPG,0,0,True,0.9938361,0.9938361,0.0001224377,0.0060372637,4.1860617e-06
8abd4ca6cf974b70d32e0802432416e0,PV_data/Apple___Apple_scab/84671985-6989-4451-b61d-c32dda7d7c5f___FREC_Scab 3379.JPG,0,0,True,0.46309868,0.46309868,0.0036140427,0.34209108,0.19119628
73b4e04cdee33902bb39e82582ee77cf,PV_data/Apple___Apple_scab/86054e9e-26b4-42b5-b192-58ddee7b0c34___FREC_Scab 3011.JPG,0,0,True,0.99440044,0.99440044,0.0012039976,0.002903749,0.0014917109
fc488f1f4995da528ac0de26e940c2ca,PV_data/Apple___Apple_scab/8727408d-c5b9-41c4-abd7-dd8e6978efff___FREC_Scab 2995.JPG,0,0,True,0.99995184,0.99995184,2.072275e-05,2.33826e-05,4.0513264e-06
5642d4a6c3fe2e7db53fb8fdf8941957,PV_data/Apple___Apple_scab/9431682d-6de3-4b1f-bdde-11b706fe2e85___FREC_Scab 3029.JPG,0,0,True,0.999985,0.999985,5.6188055e-06,1.5146415e-07,9.235052e-06
73a393b4a31197705d8af1fdd9f6469c,PV_data/Apple___Apple_scab/9474d631-06bc-45e0-bdcc-2aff28b34856___FREC_Scab 3358.JPG,0,0,True,0.9997323,0.9997323,5.879594e-07,0.00026652482,6.0749045e-07
74c4bc710023d13ef6819ed67453f01e,PV_data/Apple___Apple_scab/97cd53cf-e95a-4d40-b77c-15ccf9bbb8f3___FREC_Scab 3134.JPG,0,0,True,0.99999356,0.99999356,2.0898226e-07,6.254019e-06,2.9461035e-08
d63e72d6fff569ba6e02f63e74367f60,PV_data/Apple___Apple_scab/a031daf8-94a3-476b-b2e4-dc39a4ee843d___FREC_Scab 3233.JPG,0,0,True,0.99928343,0.99928343,0.00040499103,0.000107475455,0.00020403526
45d979535004abcd8c8ea0f8d8a7183e,PV_data/Apple___Apple_scab/a038a218-4c69-4f5a-9887-80fac9888782___FREC_Scab 3008.JPG,0,0,True,0.99999523,0.99999523,3.2803557e-06,1.0737419e-06,3.9833768e-07
819da662df6e9aa554a6e1406a865431,PV_data/Apple___Apple_scab/a72a9033-d2b9-4c64-93bc-7e5a1a0ea4ae___FREC_Scab 3284.JPG,0,0,True,0.99992514,0.99992514,2.6233487e-05,1.6177928e-05,3.239879e-05
94f28353260bd4e859554b51d9b62d9b,PV_data/Apple___Apple_scab/ab0ab3b2-0893-46c6-8f66-9469e8340b64___FREC_Scab 3368.JPG,0,0,True,0.99782085,0.99782085,3.1998374e-05,0.0019900352,0.00015711329
5f39cdcfa12b0913c337198095f7c2c4,PV_data/Apple___Apple_scab/aba69098-9c79-46cc-ba1f-6f88a456b56f___FREC_Scab 3039.JPG,0,0,True,0.99999547,0.99999547,4.4263934e-06,8.441086e-08,3.8871505e-08
d47ee41dd63124fffff5cd7ff356ffd0,PV_data/Apple___Apple_scab/b0586996-77d5-4d02-8112-14eb67895bcf___FREC_Scab 3000.JPG,0,0,True,0.9999908,0.9999908,6.7764236e-06,5.677651e-07,1.8649779e-06
30fc2b7f09c360460da9ad3c521fb7aa,PV_data/Apple___Apple_scab/b10dceaa-a764-46b4-bd61-bc9fb13579ca___FREC_Scab 3141.JPG,0,0,True,0.9999995,0.9999995,6.781683e-09,3.219062e-07,6.19107e-08
d381a7442f03214d34d659af9cbbd856,PV_data/Apple___Apple_scab/b34550a7-6327-4993-b112-16eedf8f0353___FREC_Scab 2922.JPG,0,0,True,0.9999989,0.9999989,7.340164e-08,1.8509994e-07,8.0270587e-07
0bf270e8f9c89e2a3f3d908bd03cdc13,PV_data/Apple___Apple_scab/b4d26d69-8318-4898-93be-561f78c18d5a___FREC_Scab 3133.JPG,0,0,True,0.9977685,0.9977685,1.0650559e-05,0.0021167293,0.000104166116
faf1dc17ac6857fd09265c7167911077,PV_data/Apple___Apple_scab/b963d384-123e-48e5-ac66-a1e87f33ba0b___FREC_Scab 3021.JPG,0,0,True,0.9967224,0.9967224,0.003276348,1.1579317e-06,1.561081e-08
09e757ed4793f3d8a5a4e116478aa5df,PV_data/Apple___Apple_scab/bc93b0fd-568f-4969-9d2d-c94d5f340e7e___FREC_Scab 3357.JPG,0,0,True,0.99997413,0.99997413,1.040035e-07,2.5726316e-05,1.5866185e-09
bf4e68049a8ed856ea6f96db871f5e48,PV_data/Apple___Apple_scab/bce3ba0b-a142-4b28-8cb3-eb6bb6a3b8a2___FREC_Scab 3142.JPG,0,0,True,0.99999917,0.99999917,1.8521422e-07,6.450386e-07,1.6998845e-08
a3b625db4c7fb93d57fe1ccf19aec559,PV_data/Apple___Apple_scab/bceb695a-e877-4b2b-bf05-241661d511d4___FREC_Scab 3240.JPG,0,0,True,0.99999857,0.99999857,8.7121016e-08,1.4535431e-09,1.364118e-06
20e132ca0255de2d4671db7992600c3e,PV_data/Apple___Apple_scab/bdaae6b2-8ff5-4a4c-9286-a2393063cdaf___FREC_Scab 3491.JPG,0,0,True,0.9999865,0.9999865,5.3499383e-07,3.3955206e-07,1.257743e-05
19bd05ca8cd8dffe0c9578d4dbf29e34,PV_data/Apple___Apple_scab/be076652-b1bd-430c-a752-db525c1dfcfd___FREC_Scab 3367.JPG,0,0,True,0.9377152,0.9377152,0.003593282,0.0038442633,0.05484724
555acb89c11d2f55719a7b84c66988bc,PV_data/Apple___Apple_scab/c4a3c215-aa1e-4d1c-b545-1ab2b15812fe___FREC_Scab 2938.JPG,0,0,True,0.99999976,0.99999976,3.5455226e-08,4.1702584e-08,2.0413526e-07
6a8576517433474c87abe7e50f1cb3d6,PV_data/Apple___Apple_scab/cbbdd77b-93f5-4f45-b35d-2b05ab1c8eb4___FREC_Scab 3465.JPG,0,0,True,0.8951197,0.8951197,0.0021176038,0.08278784,0.019974811
dce52e9461ff536cc3a347d6193d6188,PV_data/Apple___Apple_scab/cbf63da6-f1a7-41e0-b581-6f5b6cff2bc2___FREC_Scab 3496.JPG,0,0,True,0.9999262,0.9999262,1.239002e-06,4.1094805e-05,3.1404594e-05
1217cc9974de3cb7b2c8eb950355b76f,PV_data/Apple___Apple_scab/d1745979-75a6-4b00-a544-cf5ba043e7e0___FREC_Scab 3330.JPG,0,0,True,0.9997559,0.9997559,2.0330426e-06,1.2283944e-07,0.00024189996
78dc0a57ac15a10e27b7a871466dab7c,PV_data/Apple___Apple_scab/d1938082-a2de-49ad-8ca2-4b1947a7e107___FREC_Scab 3212.JPG,0,0,True,0.9999956,0.9999956,3.0656886e-09,4.321251e-06,1.4983395e-07
61440e96d8f6da553d2564392a615908,PV_data/Apple___Apple_scab/d66bf6da-1199-4f2b-9776-8cbc4529b268___FREC_Scab 3157.JPG,0,0,True,0.9999229,0.9999229,2.538874e-06,7.244152e-05,2.1456303e-06
4976f142db902c7b8f190a5ca08a2cc8,PV_data/Apple___Apple_scab/dfa24368-8ba9-4c02-9c3e-9e9a62a8d479___FREC_Scab 3215.JPG,0,0,True,0.99997926,0.99997926,2.7891235e-06,5.328349e-06,1.2600785e-05
43acce4767bb065ea30a7adc20ca7040,PV_data/Apple___Apple_scab/e5d9029b-ba16-44c2-be95-66199f1a8a96___FREC_Scab 3317.JPG,0,0,True,0.9999974,0.9999974,3.3057894e-09,2.5639215e-06,5.423439e-08
4558eed16c4f3164e91b0f608c65eb38,PV_data/Apple___Apple_scab/e893d964-8a40-46f5-b8ae-0a0f0cd79296___FREC_Scab 3333.JPG,0,0,True,0.9999939,0.9999939,1.1082996e-07,3.281174e-08,6.0167404e-06
e3a0734d027ac29b8489c0756b511011,PV_data/Apple___Apple_scab/ecbac6b5-e07f-4a0d-a670-1d3b97f01104___FREC_Scab 3168.JPG,0,0,True,0.99430305,0.99430305,0.00072872307,1.4296567e-06,0.0049667736
c509d3f4becaa8fa3d056965f6ad6b8e,PV_data/Apple___Apple_scab/f3b61d33-8875-46a0-be57-ad3bda4cb5c6___FREC_Scab 3243.JPG,0,0,True,1.0,1.0,4.250451e-08,2.002856e-08,2.6218039e-09
4cb4d13e28b24145e3f02eeb54434615,PV_data/Apple___Apple_scab/f6144504-015b-426e-a967-0712cf7621e4___FREC_Scab 3420.JPG,0,0,True,0.9925385,0.9925385,2.3889477e-06,0.0074364073,2.268707e-05
7633c79f6b73c69acc9f78d395cc4f41,PV_data/Apple___Apple_scab/f79c50ef-d89d-4371-b581-810b37eb2ac9___FREC_Scab 3255.JPG,0,0,True,0.9976519,0.9976519,1.7098488e-05,2.974688e-06,0.0023280925
e030de39a8de720bb3855bc9f01d388d,PV_data/Apple___Apple_scab/f8ef99d9-9d01-4aeb-9248-e8c312c9a981___FREC_Scab 3129.JPG,0,0,True,0.99999285,0.99999285,8.9424105e-07,5.8306728e-06,3.9108997e-07
f896bb6f3a43fa935e4f4bbc54c2a821,PV_data/Apple___Apple_scab/fa9c1112-27fc-42db-930d-7e4956267ab5___FREC_Scab 3174.JPG,0,0,True,0.99226415,0.99226415,0.00037434584,0.00731114,5.0377075e-05
f260413c5042aff4c02256be11fa523e,PV_data/Apple___Apple_scab/fb942296-ba33-40e5-ada0-6700365cf71d___FREC_Scab 2919.JPG,0,0,True,0.9538356,0.9538356,0.00014990619,0.00036532027,0.045649145
d8113b77f87482a8bc8c04d449e0a747,PV_data/Apple___Apple_scab/fcee4ece-01ce-45aa-a0f1-f20aa2ec8efb___FREC_Scab 3325.JPG,0,0,True,0.9741383,0.9741383,3.3792727e-05,1.3894859e-06,0.02582655
29d2f3975d47b3c1952d78307d8ec388,PV_data/Apple___Black_rot/01e94c43-0879-4e8c-9b61-c48cfed88dab___JR_FrgE.S 3024.JPG,1,1,True,0.89430124,0.0077668633,0.89430124,0.0062634274,0.09166849
952e085f96da546148b7540ead4ce2f1,PV_data/Apple___Black_rot/033b1492-d5cf-4de7-a195-941f7780e092___JR_FrgE.S 8710.JPG,1,1,True,0.9999958,1.2160432e-07,0.9999958,3.6606377e-08,4.1024614e-06
e89cc787da60de701b6eb7ee7496b554,PV_data/Apple___Black_rot/03fd7154-2e33-4fb6-999d-bfc3a3f467fe___JR_FrgE.S 8681.JPG,1,1,True,0.99997234,2.3747483e-05,0.99997234,5.394296e-07,3.3719787e-06
73613e2fabdf21e8a2ccd3c2a4cb62b9,PV_data/Apple___Black_rot/05fb01a0-fd64-4b3d-a512-c0bda181811e___JR_FrgE.S 2889.JPG,1,1,True,1.0,3.5473157e-08,1.0,1.443203e-08,2.2156255e-10
219441d12029943aa596afd4901315bc,PV_data/Apple___Black_rot/073553c2-0e42-4c86-b929-b2201f3f7756___JR_FrgE.S 2819.JPG,1,1,True,0.9970778,0.0029213284,0.9970778,8.897324e-07,8.150209e-10
e1a32a9e3b7d638e14c6264f6c07fea1,PV_data/Apple___Black_rot/0b8dabb7-5f1b-4fdc-b3fa-30b289707b90___JR_FrgE.S 3047.JPG,1,1,True,0.99999535,3.544601e-06,0.99999535,4.3335132e-07,7.3323326e-07
9ec60f35707b49313381592ac74689c0,PV_data/Apple___Black_rot/0ce8b939-3bdf-4078-8715-c0cb48afb078___JR_FrgE.S 2777.JPG,1,1,True,0.9973616,0.0026156243,0.9973616,1.9443025e-06,2.0795434e-05
361ae78d178a58a8a363b4a141186b23,PV_data/Apple___Black_rot/0e84adc9-3e97-48e2-b1fd-7d04f9e92cb0___JR_FrgE.S 2949.JPG,1,1,True,0.9999833,3.769602e-06,0.9999833,2.0506095e-06,1.087341e-05
28045ec16750bd0ee3a82cad38273ada,PV_data/Apple___Black_rot/1021c460-93e4-48cd-9c84-c576b2c5117c___JR_FrgE.S 2983.JPG,1,0,False,0.35864452,0.35864452,0.17350683,0.23728219,0.23056646
385fe926b59e4f0cce6804a03b6e9112,PV_data/Apple___Black_rot/13daa7ca-c343-497d-a9c5-34438752ab1f___JR_FrgE.S 8804.JPG,1,1,True,0.995344,0.0044097244,0.995344,0.00017700723,6.930301e-05
4bd45ed4a0d0c936b3cf621549b14480,PV_data/Apple___Black_rot/2478fee4-ef3a-4638-8641-f5524246f29a___JR_FrgE.S 2951.JPG,1,1,True,0.99978304,6.9153145e-07,0.99978304,2.274867e-06,0.00021399195
1c51ef3c106ddbaf139da118ad7dcfa3,PV_data/Apple___Black_rot/26ecaea0-d85f-449b-bd3e-16d85cc49eac___JR_FrgE.S 8674.JPG,1,1,True,0.99998593,2.126265e-08,0.99998593,1.40256425e-05,3.1217755e-08
ca49589c76e41d57cc236f2a6af641b7,PV_data/Apple___Black_rot/2f6893f9-0439-4409-b752-b910e03b076b___JR_FrgE.S 8814.JPG,1,1,True,0.96750593,0.0032235833,0.96750593,0.0017957668,0.027474811
b86ffcae5ba0584bb2561c3ff8ced309,PV_data/Apple___Black_rot/30aebb07-bde6-44c8-bee2-a06ff42a948d___JR_FrgE.S 3071.JPG,1,1,True,0.999992,1.9304882e-07,0.999992,1.5371266e-06,6.143173e-06
300371108129e9532ebc698b6c3c290b,PV_data/Apple___Black_rot/34eb19d8-32a9-4c9b-829f-d0ed705c5f03___JR_FrgE.S 3064.JPG,1,1,True,0.99997365,2.5422098e-05,0.99997365,1.6415491e-07,7.55872e-07
b65736b347eacffbc7b265d0f648e09c,PV_data/Apple___Black_rot/35ca99d4-5913-457a-b09c-3e90f6ef98a3___JR_FrgE.S 2947.JPG,1,1,True,0.99999094,7.535815e-06,0.99999094,6.443287e-07,7.9141245e-07
65300a428ba7c48a0f9765e093516156,PV_data/Apple___Black_rot/38167e03-c731-4cbf-a32c-b48a571fbc48___JR_FrgE.S 8630.JPG,1,1,True,0.9999827,1.165903e-05,0.9999827,1.6987848e-07,5.44883e-06
bf51b2fb843aaf891591d2002792900b,PV_data/Apple___Black_rot/3908d563-a8f8-4206-b09e-1ae340e510af___JR_FrgE.S 3025.JPG,1,1,True,0.9863212,0.0036061185,0.9863212,0.0039859223,0.0060866578
78799bee2308b0fb59b76db8ff5cbb1c,PV_data/Apple___Black_rot/39148cb8-c7fa-4760-b708-b4e399047bb6___JR_FrgE.S 2869.JPG,1,1,True,0.99997973,2.016718e-05,0.99997973,4.017569e-08,5.824943e-10
95ab3453d61504d953f5c5368d8413d9,PV_data/Apple___Black_rot/39cf3d6d-0324-4d2c-8a43-ee21f8b910c2___JR_FrgE.S 8603.JPG,1,1,True,0.99239844,0.0068158293,0.99239844,9.206258e-06,0.0007765863
8f577be3e3df5806716a4821c64c1cd6,PV_data/Apple___Black_rot/3b364e42-9120-4ece-b0ea-2c39ce883cbb___JR_FrgE.S 2774.JPG,1,1,True,0.9946007,0.004215314,0.9946007,0.0006572248,0.0005266796
0060753a88b6af76b94325446f1703e1,PV_data/Apple___Black_rot/43baab18-d60b-49df-b2d5-a27d16164317___JR_FrgE.S 8604.JPG,1,1,True,0.99997497,2.2981947e-05,0.99997497,1.1346613e-07,1.8537276e-06
a445c796c92d9acff2c0b0a847899c22,PV_data/Apple___Black_rot/456a01fc-8db6-4068-96cb-3b1e4e5f77f1___JR_FrgE.S 2768.JPG,1,1,True,0.99818116,0.0017941379,0.99818116,2.0162419e-05,4.551223e-06
60e2739ee73dc30c9bfdc838c9e27cec,PV_data/Apple___Black_rot/46c90409-1e99-4708-88da-ad8629ab5e9e___JR_FrgE.S 2856.JPG,1,1,True,0.9999181,7.26015e-05,0.9999181,5.814711e-08,9.2145265e-06
7a950e0ae1ee80c8adfe84f13be04e3d,PV_data/Apple___Black_rot/48d6f0b4-71e8-418f-8558-b38b89ed3c0b___JR_FrgE.S 8569.JPG,1,1,True,0.9943442,0.0003677388,0.9943442,0.0020243686,0.0032636465
537bd0fe0c2cd1dee44852bbb6990f9c,PV_data/Apple___Black_rot/497e0a24-9a4e-4ace-8aa3-d60751b03abe___JR_FrgE.S 8794.JPG,1,1,True,0.99998,4.232988e-06,0.99998,1.5744658e-05,2.7202235e-08
910727bc75437050023c758a5e0df921,PV_data/Apple___Black_rot/499e851c-5cd4-4ab9-9ff8-df01133aac08___JR_FrgE.S 2989.JPG,1,1,True,0.999841,8.040109e-05,0.999841,6.7281844e-06,7.1868875e-05
abf1bedec8b52b75ccda15d2975a4775,PV_data/Apple___Black_rot/4eeb04f2-38b3-49be-a5d0-1c35450d8953___JR_FrgE.S 8714.JPG,1,1,True,0.9999137,5.1119873e-06,0.9999137,2.6789447e-05,5.4356373e-05
e5cd41e40eb8421ac18e305907f60f9b,PV_data/Apple___Black_rot/4f71c078-e0f6-4b05-a421-1b644f0e99a1___JR_FrgE.S 3016.JPG,1,1,True,0.9995109,4.133947e-07,0.9995109,4.4712826e-05,0.00044394916
608aa98defd3ae7fe1357785c2088910,PV_data/Apple___Black_rot/4fd1092b-5d44-420c-9ea1-b10dc775ecb9___JR_FrgE.S 2903.JPG,1,1,True,0.99855894,6.9725165e-06,0.99855894,1.1227911e-08,0.0014340396
a4e6030cb2a580d25d98ec5785c61a62,PV_data/Apple___Black_rot/52c66129-6303-4aa4-97e7-8f1c0d24c57a___JR_FrgE.S 2759.JPG,1,1,True,0.99203557,0.007960328,0.99203557,4.138435e-06,2.0679793e-10
150febfcc2ba2e5edec456dac1a2b150,PV_data/Apple___Black_rot/554089f3-ff67-45ff-9d9a-b0aba573df6a___JR_FrgE.S 2730.JPG,1,1,True,0.9996424,0.0003266473,0.9996424,3.1573552e-07,3.0593033e-05
2aaa243ca773afdf398b568debd82a29,PV_data/Apple___Black_rot/56bb2954-b463-4557-a438-594e09783513___JR_FrgE.S 8577.JPG,1,1,True,0.9999666,1.4149085e-06,0.9999666,1.4571553e-05,1.7457705e-05
553fe8bf317989818f827686a71dde4b,PV_data/Apple___Black_rot/5979896a-3aaa-4e0c-8b74-cfeda37cb166___JR_FrgE.S 2739.JPG,1,1,True,0.9999993,3.7338097e-07,0.9999993,2.9735983e-07,6.5116748e-09
5fb8205a0639a80fc9f70323fa427278,PV_data/Apple___Black_rot/5a7cfbae-2b00-4f16-b1e9-eacd813a5378___JR_FrgE.S 2783.JPG,1,1,True,0.9981724,6.7408575e-05,0.9981724,0.0017602128,2.6978666e-09
59a5f8e51064e8387cd8951ed3609ee5,PV_data/Apple___Black_rot/5b5a11ac-da33-4eb4-b0a3-2ef746f744f4___JR_FrgE.S 8576.JPG,1,1,True,0.9998219,3.5329447e-06,0.9998219,1.1049622e-07,0.0001743336
0f5124a559cba7bb9aa6de5bb23e213c,PV_data/Apple___Black_rot/5db69c6b-f9c9-4a3f-b47a-ca6449023bdd___JR_FrgE.S 2757.JPG,1,1,True,0.76735127,0.0072883167,0.76735127,0.2246806,0.00067982706
d98e1778c0e247ad54348afaad844e07,PV_data/Apple___Black_rot/60dec11d-0e49-4bb4-b7ce-ecf90f8ac028___JR_FrgE.S 3042.JPG,1,1,True,0.99999845,1.0578886e-07,0.99999845,4.915238e-07,9.295328e-07
bcfd840480a47a3227c245d0e4e9e4fa,PV_data/Apple___Black_rot/64577b36-9701-43be-a559-10f787f2d185___JR_FrgE.S 8611.JPG,1,1,True,0.99809533,0.0014099374,0.99809533,0.00048975775,5.0019926e-06
6779611fb445809c1896ffd0dc0e1e3a,PV_data/Apple___Black_rot/6af96fb3-002f-48b3-a2e8-fb5cf30dfa63___JR_FrgE.S 2998.JPG,1,1,True,0.99956316,0.00043318782,0.99956316,3.1360828e-06,4.3251842e-07
54ab93f9ed14c604184ab434dcf02cf6,PV_data/Apple___Black_rot/6b078700-56e6-4d25-a18a-b7b90741a2d3___JR_FrgE.S 2963.JPG,1,1,True,0.99999857,1.1717569e-07,0.99999857,2.0669537e-09,1.3417545e-06
2f5b8f2b52d3b44193ec7dd64b389f4d,PV_data/Apple___Black_rot/6b2b70e7-1dd3-40a0-a2d3-89d84a3e6698___JR_FrgE.S 2956.JPG,1,1,True,0.98914766,5.4639673e-05,0.98914766,9.701785e-07,0.010796681
67939da9bff56e6e5cde0c98b1c55974,PV_data/Apple___Black_rot/6c213dbb-aa21-4334-a773-8dc69f4421d2___JR_FrgE.S 2909.JPG,1,1,True,0.97106713,0.00019381844,0.97106713,0.0042250296,0.024514057
e80c6665ac5c7524347c9b5de3418254,PV_data/Apple___Black_rot/70ba699d-a8aa-494a-889f-fd7e54a723be___JR_FrgE.S 2760.JPG,1,1,True,0.9998313,0.00016519603,0.9998313,3.1267602e-06,3.2074865e-07
ab84265b9201ebf2de961afc8ee996ea,PV_data/Apple___Black_rot/7375bf36-7a8e-4fc5-8ee8-0bee7bfb3574___JR_FrgE.S 2874.JPG,1,1,True,0.9999999,1.2388753e-07,0.9999999,6.9227e-09,1.1811087e-09
c436596642a285f1423f580acc532eb1,PV_data/Apple___Black_rot/73a2cc6f-1383-4f70-bda6-02f4c0944ee5___JR_FrgE.S 8692.JPG,1,1,True,0.9999037,5.117165e-06,0.9999037,1.9024292e-05,7.212799e-05
1b7e99df377729c7c3e066a12a479332,PV_data/Apple___Black_rot/74dfd7d6-e78e-47d9-8530-35acab5cd01f___JR_FrgE.S 3027.JPG,1,1,True,0.9997889,0.00019801522,0.9997889,1.1741745e-05,1.3058432e-06
bbbb725e1723dc31aa841dfe08bd667f,PV_data/Apple___Black_rot/7558e6ff-8441-4ed8-b881-54288ab95441___JR_FrgE.S 2920.JPG,1,1,True,0.9999522,4.697461e-05,0.9999522,4.5762104e-07,4.1418465e-07
434924bc84c536b1081cd120f376cc35,PV_data/Apple___Black_rot/7dd50c96-8c45-4a38-bb17-e382cd5a3578___JR_FrgE.S 2829.JPG,1,1,True,0.9997284,0.00026807495,0.9997284,3.4047453e-06,1.2677553e-07
5d224e8cfbbf36fe874d0ea6c944039b,PV_data/Apple___Black_rot/7fb5fc63-2f5e-45a1-8746-88e4e7883ffc___JR_FrgE.S 3059.JPG,1,1,True,0.9999933,2.1697547e-06,0.9999933,3.9839565e-06,5.152607e-07
0e353450f3b49870faab8c7a14f4f054,PV_data/Apple___Black_rot/85e5214e-2998-49c7-bdb9-ee8122387704___JR_FrgE.S 8691.JPG,1,1,True,0.9639882,0.0017715767,0.9639882,0.0056623346,0.028577842
0fee5e34d62f9011f0cd855777278427,PV_data/Apple___Black_rot/898348ae-7cf3-4be6-9020-9b892558d4e9___JR_FrgE.S 2729.JPG,1,1,True,0.99998164,1.7505548e-05,0.99998164,3.4884543e-08,8.1546165e-07
87ce87cc470d1236ae9067d7bb878f07,PV_data/Apple___Black_rot/8a1bb676-5d3e-423b-a667-c72d099215ab___JR_FrgE.S 2842.JPG,1,1,True,0.89270663,0.106546335,0.89270663,0.0006312793,0.000115783245
6fb8b1b7979222dfec832f6d21b445c5,PV_data/Apple___Black_rot/8d816370-cd56-4eb4-8d73-f9966e1853c6___JR_FrgE.S 2882.JPG,1,1,True,0.99999774,2.2921167e-06,0.99999774,1.2238036e-10,6.6591075e-09
8f787f0a94a7c32359abff13683ac250,PV_data/Apple___Black_rot/8d935efd-8dba-4847-954f-a914d93d8d07___JR_FrgE.S 2857.JPG,1,1,True,0.99999285,1.0276663e-08,0.99999285,7.8343104e-10,7.2096154e-06
93f40f82432c5df1242158769c002a9c,PV_data/Apple___Black_rot/8f866e9b-a1e4-4b34-89f0-74f2ddc641d1___JR_FrgE.S 8738.JPG,1,1,True,0.9999969,8.7340666e-08,0.9999969,2.7647525e-06,1.9944983e-07
5ca0002cfe323804fad66949c3a27336,PV_data/Apple___Black_rot/934ee916-4db9-4c1a-903e-3ebdd8201178___JR_FrgE.S 8740.JPG,1,1,True,0.99999535,7.501935e-07,0.99999535,2.2285888e-06,1.711096e-06
22717ce888e6689c3d0de3e2e784a09a,PV_data/Apple___Black_rot/938c07c1-f2ad-4cbe-b088-51a085442c3b___JR_FrgE.S 2846.JPG,1,1,True,0.96071666,0.037512332,0.96071666,0.0017510371,1.9978219e-05
4387482021d5c12eb5d364ba95334b14,PV_data/Apple___Black_rot/953017bf-0b57-4fd9-a696-3fb00aa84c24___JR_FrgE.S 8590.JPG,1,1,True,0.9999969,2.3973362e-07,0.9999969,1.8399895e-06,1.0926682e-06
b945082cc6bdab0cbe7220a79ca6e7b4,PV_data/Apple___Black_rot/988c58b8-9323-4b0f-86de-c4fe396f09b8___JR_FrgE.S 8648.JPG,1,1,True,0.9829531,0.009234711,0.9829531,0.0009364089,0.0068758125
ece02abc4ad7ebb99ff170f9efd66732,PV_data/Apple___Black_rot/9dc8568b-4e22-4272-b012-3d3aaa0c8247___JR_FrgE.S 2850.JPG,1,1,True,0.99997675,4.4213743e-06,0.99997675,3.133656e-07,1.8450244e-05
84e5ca566bc3a038ee95c21d6f9da162,PV_data/Apple___Black_rot/a133da59-4ece-4efc-85a6-9376149371e4___JR_FrgE.S 2860.JPG,1,1,True,1.0,1.2822225e-10,1.0,2.466811e-10,2.7240278e-11
177c81c5902945c85925647ab433cc2b,PV_data/Apple___Black_rot/a285e174-d731-431e-b8c5-f5e895a2e2a4___JR_FrgE.S 2975.JPG,1,1,True,0.9999696,4.6175873e-07,0.9999696,7.2534627e-09,2.9905763e-05
4880dd0d27c350a7c5d1c255858d6428,PV_data/Apple___Black_rot/a572ba2c-a691-4133-bb2f-e6e97edb749c___JR_FrgE.S 2991.JPG,1,1,True,0.9997242,0.00027420814,0.9997242,9.859561e-07,5.832595e-07
7b14e62abc1683a46e63b548bac12640,PV_data/Apple___Black_rot/a716360d-b3c2-4fcb-9ac0-98c5f3cc429b___JR_FrgE.S 2810.JPG,1,1,True,0.99952316,0.0003708087,0.99952316,9.795027e-07,0.000105065665
c627c0cd35790ed57413789087a4ceb4,PV_data/Apple___Black_rot/a8ce9225-ca25-41ba-8c19-4d80ffcb4c93___JR_FrgE.S 8570.JPG,1,1,True,0.99998057,3.4220288e-06,0.99998057,5.350547e-06,1.05670815e-05
cc78d307228dd29e6d6cd257cc0aae0a,PV_data/Apple___Black_rot/a8f06c83-bcab-4431-8c91-b00331c4b067___JR_FrgE.S 8613.JPG,1,1,True,0.99568886,0.004189584,0.99568886,2.2764312e-05,9.872046e-05
c52da20aac1df3d7c0b082108f650d51,PV_data/Apple___Black_rot/ac638c74-99c4-434f-a9a1-ef727fa494eb___JR_FrgE.S 2986.JPG,1,1,True,0.99420947,6.6060607e-06,0.99420947,6.191435e-05,0.005721954
3589df66bdb33f6f8f212b66c530ee95,PV_data/Apple___Black_rot/aeddf040-51e9-439f-9d30-d7db6559508c___JR_FrgE.S 2914.JPG,1,1,True,0.69517875,0.031540167,0.69517875,0.007404551,0.26587644
a4d144364aab21984397d3a78a389c66,PV_data/Apple___Black_rot/b1fbd9e5-c3b6-4aac-a77e-87ca51994e4f___JR_FrgE.S 8752.JPG,1,1,True,0.99997735,8.050779e-06,0.99997735,3.2864657e-06,1.1356622e-05
9cf64528cefdb111b798ce06143ffa78,PV_data/Apple___Black_rot/bf5fa34e-8d39-43e2-8b54-ba83366871b1___JR_FrgE.S 3095.JPG,1,1,True,1.0,9.463149e-09,1.0,3.4671106e-09,8.262127e-09
20d647923aa725d9a235886d52ea7e2e,PV_data/Apple___Black_rot/c18a2d5a-4160-48de-8e9e-7ccc047aeddc___JR_FrgE.S 8805.JPG,1,1,True,0.99669963,0.0030975984,0.99669963,3.953266e-05,0.00016327602
b822a4b333da8986d740326af1f7aa29,PV_data/Apple___Black_rot/c8269293-ae8c-4ac0-8eb3-6574683f1b2e___JR_FrgE.S 8699.JPG,1,1,True,0.9974402,0.0024547323,0.9974402,0.000104867715,1.3582445e-07
ae9f565059463000cfd1816baea53f3b,PV_data/Apple___Black_rot/cc73875e-54c2-49a1-91bb-f2bc85a93f8f___JR_FrgE.S 2747.JPG,1,1,True,0.9999987,1.526101e-07,0.9999987,1.3701684e-07,1.1029207e-06
b8c26eb6d5b089052fb539caabdee4bb,PV_data/Apple___Black_rot/cc92897c-3975-4130-a067-6007945be8ab___JR_FrgE.S 2943.JPG,1,1,True,0.99951303,0.00023852495,0.99951303,3.6723483e-07,0.0002480168
63ab00125a74e058c2297da894ab8f4f,PV_data/Apple___Black_rot/cd4907f8-168a-405b-ae16-599e6e621dca___JR_FrgE.S 8619.JPG,1,1,True,0.9999993,1.2824099e-10,0.9999993,1.0703692e-08,7.421808e-07
395c767e121c42d9f3d8cd942f50630a,PV_data/Apple___Black_rot/ce1df5bf-b9cd-491a-9b54-f4e20f3b71a2___JR_FrgE.S 2735.JPG,1,1,True,0.9981353,0.0018052112,0.9981353,5.3749314e-05,5.6853128e-06
4b3ecf7422a9c412f30116159ab2a8d2,PV_data/Apple___Black_rot/ce675478-f624-4536-b4ba-b0c43d134ae8___JR_FrgE.S 8595.JPG,1,1,True,0.9968094,4.170634e-06,0.9968094,0.0016827873,0.0015035605
9885dceef6e9d2ac0476126481436f1c,PV_data/Apple___Black_rot/cf524171-a68a-4200-9159-133567b95f71___JR_FrgE.S 8658.JPG,1,1,True,0.9924627,0.00022328406,0.9924627,3.377582e-05,0.0072802943
71371046a1e4a649051c5cbc0efea166,PV_data/Apple___Black_rot/d32e96f1-8fde-4f6e-a558-7fdc1ab0807e___JR_FrgE.S 8676.JPG,1,1,True,0.99999857,8.628174e-07,0.99999857,6.09891e-07,3.067472e-08
5aff7a45ffeba25cb2c180394a39a78a,PV_data/Apple___Black_rot/d4c03762-b68f-4e8f-ae5c-10b15de04fb3___JR_FrgE.S 8776.JPG,1,1,True,0.99999976,1.0488609e-07,0.99999976,1.9165927e-07,4.5249944e-08
7b8391dcb3841e0ece968422fbe385c6,PV_data/Apple___Black_rot/d8e21bad-015b-4b76-8ffa-373b191ed448___JR_FrgE.S 3021.JPG,1,1,True,0.9678382,0.001301371,0.9678382,0.0042784195,0.026582029
b75495488cc692bf97ef3eeec1d221fe,PV_data/Apple___Black_rot/deccf856-7d85-4b95-9d35-85f4ad1af7f7___JR_FrgE.S 8689.JPG,1,1,True,0.9999691,1.4683943e-05,0.9999691,9.468758e-06,6.7130227e-06
2c46a1971841522719947ec04f1ca8c2,PV_data/Apple___Black_rot/ded93fa6-0c14-47ea-aa92-806a64db7816___JR_FrgE.S 2795.JPG,1,1,True,0.9854086,0.011456084,0.9854086,0.000111760164,0.0030235408
89ae42224df0051bdbf2931a5e8f5d55,PV_data/Apple___Black_rot/e4999654-a4e5-4038-bb7f-d69f824a0505___JR_FrgE.S 8728.JPG,1,1,True,0.96572256,0.031217957,0.96572256,0.0010447652,0.0020147539
64abe1792b25952835a5298d4b22121d,PV_data/Apple___Black_rot/e54ced2f-6766-41f4-99d5-87ffc2a81cbc___JR_FrgE.S 8694.JPG,1,1,True,0.99932593,5.0869367e-05,0.99932593,5.477256e-06,0.0006176884
bb3feb2c6fd0577f9a3598b1e21e7bd2,PV_data/Apple___Black_rot/e9d9e0f2-331e-4bf5-90cf-a45c2a93dfea___JR_FrgE.S 2946.JPG,1,1,True,0.9998821,1.6319791e-05,0.9998821,7.753128e-05,2.4053257e-05
d5789dc3d4f02fa9a1534c5f5bd53201,PV_data/Apple___Black_rot/f0919147-209f-4a73-be01-42a5f160d51b___JR_FrgE.S 3056.JPG,1,1,True,0.99997115,1.9847444e-06,0.99997115,4.9836835e-06,2.1962407e-05
49913cb033e38237ebf72c2e3b0cd5a1,PV_data/Apple___Black_rot/f770ff71-9ac5-46ef-8b66-65ba246bb952___JR_FrgE.S 8702.JPG,1,1,True,0.99932796,0.0006714809,0.99932796,4.6534836e-07,7.390711e-08
41a1263db51999a97f0eca5d6b6cdd90,PV_data/Apple___Black_rot/f872ce63-a162-44bd-84ac-c7d89c485457___JR_FrgE.S 8701.JPG,1,1,True,0.97900164,0.020947263,0.97900164,5.019419e-05,9.4949166e-07
521daae6389518d1975257e8120fc99f,PV_data/Apple___Black_rot/fbd0bf3e-2260-4a97-be8a-af9cac60df7b___JR_FrgE.S 2807.JPG,1,1,True,0.99743146,0.0008487781,0.99743146,0.00086195534,0.0008578157
4e77a97057351dc3fbdc06bdab84bcc4,PV_data/Apple___Black_rot/fc7d3fc0-1b3c-4865-adee-3670870ec4c3___JR_FrgE.S 2913.JPG,1,1,True,0.9996208,4.9641545e-07,0.9996208,0.00012057336,0.00025816515
25bc1229fc64dc51a1f1d34386d522fb,PV_data/Apple___Black_rot/ff0f9b3a-4ef4-4c38-9a23-516beff99192___JR_FrgE.S 3048.JPG,1,1,True,0.99999976,1.988745e-07,0.99999976,3.0262957e-08,2.158926e-08
94ac46b3600aac52af275b7754275771,PV_data/Apple___Cedar_apple_rust/09239528-a0a0-4a2d-af03-c5d5f7a27710___FREC_C.Rust 4024.JPG,2,2,True,0.9999658,3.4251374e-05,1.1583244e-08,0.9999658,1.3449233e-08
b98b44aa222938bca194c80eebfabcee,PV_data/Apple___Cedar_apple_rust/1a80b84d-1a5a-4e23-8deb-823ba928e29a___FREC_C.Rust 4431.JPG,2,2,True,0.9992142,0.00077710924,1.1611852e-06,0.9992142,7.565599e-06
11ff7a403cfbe1165a8d0f978eff27fd,PV_data/Apple___Cedar_apple_rust/1e099d8e-b40c-4cf3-bb52-4e77b5a2dc69___FREC_C.Rust 0155.JPG,2,2,True,0.99902356,0.0009147084,4.0447194e-05,0.99902356,2.1271551e-05
9943782f866987360a7295b0e6693e65,PV_data/Apple___Cedar_apple_rust/2ac8d689-f30a-4eee-a856-86c92f8dcbd2___FREC_C.Rust 3952.JPG,2,2,True,0.98790073,0.0112510845,0.00070022757,0.98790073,0.00014789257
a8f91344d6eb5eedd298d755ad0e82d3,PV_data/Apple___Cedar_apple_rust/2ddde539-6c5f-4d76-8611-14761bb240de___FREC_C.Rust 3564.JPG,2,2,True,0.9970516,0.0011263621,0.0012643363,0.9970516,0.0005576771
080025a9e73b7c7a39b1c6fbf985e281,PV_data/Apple___Cedar_apple_rust/31cd0e16-01aa-442a-af4d-1162ac8a7b81___FREC_C.Rust 9889.JPG,2,2,True,0.999882,0.00011775927,5.853983e-08,0.999882,2.1973477e-07
73b9916069c6684421addf7384b37928,PV_data/Apple___Cedar_apple_rust/32ba7e2f-7ad8-480e-9f37-28469e6802af___FREC_C.Rust 9811.JPG,2,2,True,0.99809366,4.7879646e-05,0.00015066465,0.99809366,0.0017078057
5f08ae43f2e821d2fd9d5e830b9b6e34,PV_data/Apple___Cedar_apple_rust/3f9bd33d-ceeb-49fa-8874-d9cc013ca018___FREC_C.Rust 4183.JPG,2,2,True,0.99809486,0.0008582217,0.00085935567,0.99809486,0.0001875249
32796d0a32e95e2e5a654a39fb42030c,PV_data/Apple___Cedar_apple_rust/402aad30-3914-4227-a9b4-4d40a49fae72___FREC_C.Rust 0230.JPG,2,2,True,0.99845016,0.0015431988,6.528046e-06,0.99845016,1.7998607e-07
5fac618d91c57f3d9c948f20d3fba067,PV_data/Apple___Cedar_apple_rust/4134586e-a00a-4c53-8f8d-c275ef0d5f5f___FREC_C.Rust 3676.JPG,2,2,True,0.99717367,0.0022820493,0.00034886377,0.99717367,0.00019544296
8a8749f7806094741ac08c26977ac34e,PV_data/Apple___Cedar_apple_rust/43850a33-b2c2-4d67-aa90-685f8f76da3a___FREC_C.Rust 3664.JPG,2,2,True,0.99983287,0.00011210449,3.3459746e-05,0.99983287,2.1462283e-05
1f520d57feed3b9fe46cc7de8c3683c7,PV_data/Apple___Cedar_apple_rust/46b6b57e-9c90-4de7-9fb1-b8b674d51f38___FREC_C.Rust 9857.JPG,2,2,True,0.99917096,8.1558035e-05,0.00034558406,0.99917096,0.0004018244
caf46a916545d585034c693c169642e6,PV_data/Apple___Cedar_apple_rust/4d7f4b74-59f6-431e-afa3-6fbbb9ac90ea___FREC_C.Rust 0145.JPG,2,2,True,0.98933697,0.010217232,0.00024578898,0.98933697,0.00020000484
05b385b7cf32ff3c46292d12ccc681b0,PV_data/Apple___Cedar_apple_rust/5271addc-c445-4af1-ba68-318c7b509e1f___FREC_C.Rust 3585.JPG,2,2,True,0.9996759,0.00020116083,0.00012141684,0.9996759,1.4176478e-06
48e30a5b6888d1314ff115397ba2c2fd,PV_data/Apple___Cedar_apple_rust/58c70126-b289-441f-a608-eff6a2df3762___FREC_C.Rust 3654.JPG,2,2,True,0.9999746,8.314426e-07,2.4011362e-05,0.9999746,5.6673724e-07
0d50dac88aead755215b07286fab89e7,PV_data/Apple___Cedar_apple_rust/5eba8ca8-b4f7-4f49-9481-9703adc53678___FREC_C.Rust 3732.JPG,2,2,True,0.9993992,0.00010907537,0.000116572126,0.9993992,0.00037513726
2bd3fb84f027fd9fb47c3eb4aadcbafe,PV_data/Apple___Cedar_apple_rust/60ecab05-90df-45d5-8a50-edb8635aac87___FREC_C.Rust 4155.JPG,2,2,True,0.9997073,7.542365e-05,1.924443e-07,0.9997073,0.00021704896
2634495024554af9cb0e51143f3fd55a,PV_data/Apple___Cedar_apple_rust/6ddafe85-27e6-4ca2-915f-2db6015cdf29___FREC_C.Rust 3983.JPG,2,2,True,0.9965399,0.0034151059,3.0706902e-05,0.9965399,1.430442e-05
327a7ea947c2ef11b2e0a0163e3e3196,PV_data/Apple___Cedar_apple_rust/7ce07da8-973f-467f-98af-642a1ffbea04___FREC_C.Rust 4334.JPG,2,2,True,0.99997044,8.328847e-06,4.7414405e-06,0.99997044,1.6510428e-05
0b1b37a45d259a8ebb88db1ac0fb7635,PV_data/Apple___Cedar_apple_rust/8817af29-8b64-4fae-be6d-f05a2eed6b85___FREC_C.Rust 3695.JPG,2,2,True,0.99846256,1.1578407e-05,0.00033170765,0.99846256,0.0011941516
de2e3ed2435cb3a3b7123897669b382c,PV_data/Apple___Cedar_apple_rust/8e50e865-0621-442a-945d-f402f328151b___FREC_C.Rust 3699.JPG,2,2,True,0.9996725,0.00012247098,7.868527e-05,0.9996725,0.00012627056
a64ab1b4141bf85ca538260e2442bab8,PV_data/Apple___Cedar_apple_rust/8fd46690-5e57-47f6-8d99-235d4738411f___FREC_C.Rust 0074.JPG,2,2,True,0.9995897,2.442628e-06,0.00040199814,0.9995897,5.932941e-06
bb4a8679c68dbf2148c0ea669fd1af30,PV_data/Apple___Cedar_apple_rust/915ea730-231d-408d-baea-d2554d47bfa9___FREC_C.Rust 9809.JPG,2,2,True,0.9999932,2.0909551e-06,3.7158215e-06,0.9999932,9.692847e-07
e953bfb4d8730dec49f9aae0d24f0634,PV_data/Apple___Cedar_apple_rust/928e5ee5-6568-4e73-afbf-8251794d33a8___FREC_C.Rust 3747.JPG,2,2,True,0.9998187,3.2347736e-05,0.00014503114,0.9998187,3.9618217e-06
f54c43429e28d26180767ec51f4647e4,PV_data/Apple___Cedar_apple_rust/9360a196-fc3f-495e-ab9b-1803bcd87921___FREC_C.Rust 3818.JPG,2,2,True,0.5880243,0.35531276,0.004062767,0.5880243,0.052600186
b3e63ad1cc305dfdefc8161cc3bf55a3,PV_data/Apple___Cedar_apple_rust/99efb674-1e97-4f94-978a-a87c24dde48a___FREC_C.Rust 9995.JPG,2,2,True,0.9785411,0.0027876957,0.0042235535,0.9785411,0.01444759
d385b73617751acdbc21f54bfef41ec9,PV_data/Apple___Cedar_apple_rust/9f7d070e-f51d-4b14-86e4-6f059ea4eca7___FREC_C.Rust 0210.JPG,2,2,True,0.9992274,0.0007634673,7.845863e-06,0.9992274,1.3819812e-06
57d0e8f13206c4c1552bef7378bf2d83,PV_data/Apple___Cedar_apple_rust/adc62175-3fb6-4273-81d2-818c75ba0ab1___FREC_C.Rust 0233.JPG,2,2,True,0.9999572,4.266223e-05,7.9024126e-08,0.9999572,9.307122e-09
cdb3d4c614ee69362942bffa3b902b2a,PV_data/Apple___Cedar_apple_rust/b1a2c1e8-e1a6-4d25-9d5b-1488e9d8b0ee___FREC_C.Rust 3938.JPG,2,2,True,0.9796479,0.0025287243,0.009785371,0.9796479,0.008038108
7d69b7a31a6a40ed530209610fb0c72e,PV_data/Apple___Cedar_apple_rust/c16bbb5c-bd59-4568-80a4-ac10eb488a4e___FREC_C.Rust 4274.JPG,2,2,True,0.9968922,0.0030659738,6.3554046e-07,0.9968922,4.122354e-05
e68bb456dc0ed8e905cb89abcfd7ab8e,PV_data/Apple___Cedar_apple_rust/cf570118-397c-434d-b158-d3539dd12786___FREC_C.Rust 0122.JPG,2,2,True,0.9953292,0.003492738,0.00026546107,0.9953292,0.0009125735
cc8e7b35cddb1865130046b8f42ec594,PV_data/Apple___Cedar_apple_rust/d4165e95-f43c-41e5-a177-cc5ad823b5b0___FREC_C.Rust 3781.JPG,2,2,True,0.99998736,1.0988636e-05,5.6138776e-07,0.99998736,1.1402885e-06
ff61d0a2637b1c647efbca200ef93ece,PV_data/Apple___Cedar_apple_rust/d4cda9ab-6b06-4551-ad3d-ee61dd78450a___FREC_C.Rust 3592.JPG,2,2,True,0.98405266,0.00082167366,0.008880913,0.98405266,0.006244755
6e64e67d206119d558e8620a8f574c6c,PV_data/Apple___Cedar_apple_rust/d5839d69-9c98-4ea7-811b-03b40e7fc991___FREC_C.Rust 3869.JPG,2,2,True,0.9997385,0.00023341822,1.8358093e-06,0.9997385,2.6144231e-05
66f277608a71592f94b13f892c201dc8,PV_data/Apple___Cedar_apple_rust/d64bd246-5ab0-4b1e-b522-3f69668214d1___FREC_C.Rust 4290.JPG,2,2,True,0.9999956,3.8583216e-06,1.3896761e-07,0.9999956,4.798635e-07
76a83d109fc37834ab9cbb2a06fe7d8e,PV_data/Apple___Cedar_apple_rust/de0d25d1-eb08-4b9a-ac44-07d755d1fca0___FREC_C.Rust 9856.JPG,2,2,True,0.9994093,0.0003828134,0.00010338219,0.9994093,0.00010455037
c97dec3372e6b77492f0e69b0e406c75,PV_data/Apple___Cedar_apple_rust/e5521dec-ea35-479d-93be-38743927db53___FREC_C.Rust 4356.JPG,2,2,True,0.9999225,7.323965e-05,4.264958e-06,0.9999225,5.3808403e-08
4caec4ae3e97850f4865aba683041d5c,PV_data/Apple___Cedar_apple_rust/eb94b818-0cd7-4233-8315-1138c258eb88___FREC_C.Rust 0164.JPG,2,2,True,0.880523,0.11930536,0.00016460865,0.880523,7.0220253e-06
5e688504e08599c0937db80dd73549c4,PV_data/Apple___Cedar_apple_rust/f167b41b-c294-47e4-aed9-9ff7923176a5___FREC_C.Rust 3969.JPG,2,2,True,0.97385794,0.012826661,0.0008496262,0.97385794,0.012465809
6e3e8c3602fffd712d571c2d2cbca925,PV_data/Apple___Cedar_apple_rust/f2c49716-d630-4dfa-8104-e98b8a9d7497___FREC_C.Rust 9897.JPG,2,2,True,0.99970967,0.00015833677,2.7261658e-05,0.99970967,0.00010468037
760be6f031de631bfb0bb0980f169114,PV_data/Apple___Cedar_apple_rust/fb27b16c-4ac1-45e9-abd2-487a1a528fb0___FREC_C.Rust 0206.JPG,2,2,True,0.99985373,3.4254135e-05,0.00010389944,0.99985373,8.123509e-06
099be9d89c68ffe216e7478bc6449e45,PV_data/Apple___healthy/00a6039c-e425-4f7d-81b1-d6b0e668517e___RS_HL 7669.JPG,3,3,True,0.9980926,0.0018743911,2.3252745e-05,9.838614e-06,0.9980926
984497626c9e5462b2ccef5a64eb830e,PV_data/Apple___healthy/01efa999-757d-487e-8250-27c7854c0ca8___RS_HL 7515.JPG,3,3,True,0.99995863,8.264786e-06,2.9155202e-05,3.87922e-06,0.99995863
94bd76b468ab064ca2d21c496b2ed847,PV_data/Apple___healthy/022b515d-41fd-448e-abac-e8722c32d864___RS_HL 8131.JPG,3,3,True,0.99903244,0.00034061313,0.0006140308,1.2895948e-05,0.99903244
4acb9d33bf7d9ae13bedc961d23d1827,PV_data/Apple___healthy/02847045-4405-467c-9ccb-7ba2ab1d574c___RS_HL 5943.JPG,3,3,True,0.9840149,0.010662949,0.00038181953,0.0049403133,0.9840149
be5dbad3d666262a7c28bab9b51e37ec,PV_data/Apple___healthy/03f6a4b2-d08b-4f7f-8a8e-d132ff3eca8b___RS_HL 6226.JPG,3,3,True,0.99789196,0.00017178098,2.2160775e-05,0.0019141004,0.99789196
8f44e2c582216271e91c5595a75810da,PV_data/Apple___healthy/04d4f065-5cb8-4122-b479-d1362d007276___RS_HL 7719.JPG,3,3,True,0.9356391,0.0636606,0.00043567663,0.00026466715,0.9356391
4ab9552b75a3c29f96a61d69a83ccc6e,PV_data/Apple___healthy/06b0742a-6d5d-40c6-a02e-ecaa7e1279f0___RS_HL 7639.JPG,3,3,True,0.9656164,0.027945,0.0038506961,0.0025878977,0.9656164
e10ab4da078e0275e5f01d3d5ead612d,PV_data/Apple___healthy/08f0fe63-3c64-49a2-b413-c0de91abcafd___RS_HL 8008.JPG,3,3,True,0.99981976,1.0123516e-05,0.00016205321,7.957035e-06,0.99981976
1dd874449693b1bd76dc6356742d648b,PV_data/Apple___healthy/09074cd1-a3f0-4d64-97d9-16919451bd58___RS_HL 6258.JPG,3,3,True,0.99998283,1.4827143e-05,2.3158786e-06,3.9627402e-08,0.99998283
fb074ff43521947739dbcafed50d2dd8,PV_data/Apple___healthy/09ad370f-ca6e-48fc-9b4b-990b0d9f6cd3___RS_HL 8135.JPG,3,3,True,0.98881257,0.0012541654,0.009850031,8.320031e-05,0.98881257
02ee728b4e0cfb958a9ef55f920b713c,PV_data/Apple___healthy/0c30f1f2-9eed-4861-bf66-eceae1b0b625___RS_HL 7430.JPG,3,1,False,0.8455356,4.512805e-05,0.8455356,6.8651366e-06,0.15441242
e8ce171d429513455c8a0f41c0ab5208,PV_data/Apple___healthy/0d072074-0253-4a6b-a4cb-02f520c46942___RS_HL 5805.JPG,3,3,True,0.99934906,1.5552074e-05,0.00063285907,2.5908632e-06,0.99934906
d86ad08e7e9e73d9e4195a723349b9e3,PV_data/Apple___healthy/0d3fa72f-0441-45e8-b30f-a83904f48f99___RS_HL 6261.JPG,3,3,True,0.9797594,0.01549775,0.00049490645,0.0042479974,0.9797594
775e674b5d07026f2aa664b46bae55de,PV_data/Apple___healthy/0da48999-25da-4373-8277-3718a8203d0a___RS_HL 8012.JPG,3,3,True,0.93724847,0.062491126,0.0002604528,7.018647e-09,0.93724847
43137665fee12ad307284f023f0d0f7f,PV_data/Apple___healthy/11636fd2-75f3-40e5-99c4-777589bfc392___RS_HL 8203.JPG,3,3,True,0.9999894,7.35302e-06,3.414605e-07,2.8657153e-06,0.9999894
3b6a7b3b638a7bf53b1a24f1d4ff5c94,PV_data/Apple___healthy/11bc4ba3-5d5e-4b1e-a5e3-27122256864a___RS_HL 7371.JPG,3,3,True,0.99998605,3.7719084e-07,1.0338124e-05,3.200739e-06,0.99998605
a7e8c392060178042c7554c91fb07bbd,PV_data/Apple___healthy/13227870-bd81-48a1-97a0-8c5bcecef8f7___RS_HL 7452.JPG,3,3,True,0.9922861,7.584583e-05,0.0066705835,0.0009675104,0.9922861
1b7b0b1f6922f9c48ebeb8d2f034825e,PV_data/Apple___healthy/13c8382b-ca6c-45f5-a6d0-acd67fb28651___RS_HL 7284.JPG,3,3,True,0.94854325,0.045272764,0.0049749664,0.0012090195,0.94854325
2c94f809c8b4efb81f7725a703fab3a7,PV_data/Apple___healthy/13dba956-2c74-400e-a2ac-b06baeee5e38___RS_HL 7571.JPG,3,3,True,0.999413,0.00019242155,0.000394567,1.4879878e-08,0.999413
4faaff8c0877e1064562752e8f786cfb,PV_data/Apple___healthy/14828181-53d0-4dfb-92b1-d7a52602f3cb___RS_HL 7517.JPG,3,3,True,0.97742665,0.012746187,0.009801728,2.5333022e-05,0.97742665
3b73753ff2e6db46fb57db0fed05afe8,PV_data/Apple___healthy/1652d645-fb1b-4529-acbe-17093566cd2a___RS_HL 8074.JPG,3,3,True,0.9968213,0.0029657914,0.00016926964,4.367079e-05,0.9968213
a3c04d98f5c6ae15644793215415de38,PV_data/Apple___healthy/181ce194-fdc9-4f0b-ae8d-0c621f723279___RS_HL 7487.JPG,3,3,True,0.99997723,2.232828e-05,6.469777e-08,2.7074165e-07,0.99997723
9269949df3676ffd0081b8591fdd8c29,PV_data/Apple___healthy/194c4f91-31be-425f-8ac9-698202cf507d___RS_HL 7470.JPG,3,3,True,0.99842536,0.001091509,0.00038085127,0.000102313206,0.99842536
7f1511d349948e3e181509fdb7a5fa58,PV_data/Apple___healthy/19b3dc29-de7d-46e8-af14-7451d779f424___RS_HL 7373.JPG,3,3,True,0.993487,0.0013247401,0.0051419595,4.629167e-05,0.993487
a2f58d2a78bf0891b8535bf96ad48e2e,PV_data/Apple___healthy/1aaa3665-febe-407c-8830-7919b093305e___RS_HL 7803.JPG,3,3,True,0.9999224,6.105405e-05,5.732722e-06,1.0824927e-05,0.9999224
dffa6f8667c9f9729237a81446571586,PV_data/Apple___healthy/1b22388a-cf05-4795-892f-a5b6f35304d5___RS_HL 8141.JPG,3,3,True,0.9885719,0.0013241522,0.010065057,3.8829352e-05,0.9885719
02462e10c4fbfe6edffba5fb1cdb0277,PV_data/Apple___healthy/1c2b51f1-5439-449a-9ca0-52dd158018fc___RS_HL 7998.JPG,3,3,True,0.99765044,0.0011885257,0.0011199189,4.1082258e-05,0.99765044
498319ef14b4682b6bdae498808b3a10,PV_data/Apple___healthy/1c85fc77-1843-4a85-8f21-107385d5873c___RS_HL 7272.JPG,3,0,False,0.83692706,0.83692706,0.1367138,0.00045551974,0.025903601
2e9ec52fa17e5a0c1628f9c268347c3d,PV_data/Apple___healthy/1fae0947-05ec-4487-a8d4-5ce3c860a21f___RS_HL 7962.JPG,3,3,True,0.9984623,0.0014689082,6.682773e-05,1.970153e-06,0.9984623
27adb02675a1c12963b0af1abae91761,PV_data/Apple___healthy/20a6a1df-7c88-4c01-bfe0-2110c1eb0324___RS_HL 8133.JPG,3,3,True,0.99984634,1.549729e-05,5.3483018e-05,8.4588806e-05,0.99984634
c02d8c7939089bb163a6bb2a5cf5a932,PV_data/Apple___healthy/20c2fcd9-0df2-4a18-a976-5a4f2e3f22aa___RS_HL 7882.JPG,3,3,True,0.998069,0.0013148641,0.00012442877,0.00049175,0.998069
a7acc6e5b1151e904ab3f3ab73cee447,PV_data/Apple___healthy/2116b976-703d-46af-b8a0-ee3ff8e4afa4___RS_HL 5793.JPG,3,3,True,0.99797386,0.0017519781,0.00027401716,2.2751128e-07,0.99797386
55afdae51bc51a0890c3fbe98a4dd038,PV_data/Apple___healthy/228c3cfc-c511-4f1d-80ef-eb6a9e89cc0b___RS_HL 7383.JPG,3,3,True,0.9923375,0.0012257909,0.0020372435,0.0043993867,0.9923375
4bfd76ffa3df7e729cd76289add0cc6d,PV_data/Apple___healthy/229d89f1-b2ac-4427-b7e7-47139f62b73d___RS_HL 7341.JPG,3,3,True,0.9662411,1.7665747e-05,0.033737544,3.6827762e-06,0.9662411
dc2dbd61850088aee72f8aeb0f9f8c22,PV_data/Apple___healthy/22e6ab6c-375c-475f-8888-3d2f6d939111___RS_HL 7625.JPG,3,3,True,0.99983394,1.46892835e-05,0.00015142736,2.2460018e-09,0.99983394
efc3b7834a72d16bcf2223ec5f76930a,PV_data/Apple___healthy/232e37bf-da7c-4c4e-94fd-ce592dd37786___RS_HL 7770.JPG,3,3,True,0.9997736,6.415757e-05,1.5101579e-05,0.00014707705,0.9997736
101d21edeed22777527954e09b76fa89,PV_data/Apple___healthy/24adc938-da71-4d2a-9c7e-f2dc3a73c908___RS_HL 7307.JPG,3,3,True,0.99783117,0.0021375075,1.6175087e-05,1.5195913e-05,0.99783117
e55d6a10df51b3bdfb7fd8583aa29006,PV_data/Apple___healthy/24cddc8a-d7e6-4ebf-9771-b3844913f02e___RS_HL 5966.JPG,3,3,True,0.98703974,0.010642228,0.00017090628,0.0021472154,0.98703974
75275e288b4ad4ab574f61f07b06d589,PV_data/Apple___healthy/25aa6094-5f2e-4551-9349-a3fe0edd3b92___RS_HL 7296.JPG,3,3,True,0.94381607,0.056042816,0.00013872943,2.3529165e-06,0.94381607
3c89ed815a77295544391fae6854436e,PV_data/Apple___healthy/2710a9e1-5834-4606-9e2c-477c0415882e___RS_HL 7564.JPG,3,3,True,0.99999404,2.458855e-08,4.6915216e-06,1.3215362e-06,0.99999404
a34776d1bf4bd5249fe11cc58ef6a63f,PV_data/Apple___healthy/28682886-ee9f-4698-854f-8f196c01b67a___RS_HL 6101.JPG,3,3,True,0.8558716,0.00033926,0.020743115,0.12304607,0.8558716
5aa8eb9f3cdd4ae5276fb9405cde4405,PV_data/Apple___healthy/28b993ef-31f6-42a9-b39b-933a18c0b532___RS_HL 7798.JPG,3,3,True,0.9999567,6.735641e-06,9.14957e-07,3.5571036e-05,0.9999567
b764c7862b0ec36e7de167071a2bd92e,PV_data/Apple___healthy/2a485bb5-c59f-4af0-837a-063b60e0c3c8___RS_HL 6025.JPG,3,3,True,0.99146676,0.00021404776,0.0027111655,0.0056079314,0.99146676
71af627fd0995b1a019bdc782619c879,PV_data/Apple___healthy/2b76e710-42aa-4732-9d60-c7fdaa14f9fa___RS_HL 5822.JPG,3,3,True,0.99281913,0.0064008,0.000652285,0.00012785378,0.99281913
e50545d4d4c2bf8d1c36a00352755648,PV_data/Apple___healthy/2b96d8f8-6642-4897-b43e-dde7fb2fcb2a___RS_HL 7295.JPG,3,0,False,0.9857144,0.9857144,0.00019029934,1.0735832e-05,0.014084625
37567b3070c7a30d5d72741c188ffdb2,PV_data/Apple___healthy/2d62f422-484f-4fa9-af67-f2724cfe5564___RS_HL 7441.JPG,3,3,True,0.9996449,0.0001068807,0.00024448909,3.6929107e-06,0.9996449
b5add608a771e23d0babb0902027f3a0,PV_data/Apple___healthy/2fbd9205-be67-4f43-be2a-93a8def382a6___RS_HL 7680.JPG,3,3,True,0.99843854,2.8822455e-05,0.0015128814,1.971154e-05,0.99843854
94a4054b8989963cb124f4870b40ed6a,PV_data/Apple___healthy/3100088b-5df1-43b2-a1d9-8ff1d414b67b___RS_HL 5834.JPG,3,3,True,0.99997866,1.5900092e-06,1.3252699e-05,6.4995947e-06,0.99997866
0ce56ef09d2afadf8d04982714559ddb,PV_data/Apple___healthy/314b2ac4-0d06-4940-8517-0d4c1072acbf___RS_HL 5929.JPG,3,3,True,0.9990557,0.00079982623,8.182502e-05,6.2697465e-05,0.9990557
bbbb47d6d489392ed4b503d88286e73a,PV_data/Apple___healthy/32073031-1afb-4a9e-ad8b-2d19ef6bb00a___RS_HL 7362.JPG,3,3,True,0.9986288,0.0010480192,0.0003220927,1.0304876e-06,0.9986288
705d02084b38bf8585b33c3be2ffa458,PV_data/Apple___healthy/34121ffc-269b-481e-bbf5-96356da9f137___RS_HL 6185.JPG,3,3,True,0.9998752,1.1218652e-05,0.00011075653,2.863637e-06,0.9998752
ded1745bb49d6dfb2464a98724d01ba3,PV_data/Apple___healthy/3737a846-d49c-4f70-bb38-a11922e093d5___RS_HL 8017.JPG,3,3,True,0.9997657,2.515824e-05,0.00020789722,1.2423726e-06,0.9997657
cd5e6b98e491e24103b859a663d11aae,PV_data/Apple___healthy/37b1cd89-582a-40ce-b2ec-6a635e1fea17___RS_HL 6151.JPG,3,3,True,0.9998677,5.919216e-06,5.1290385e-06,0.00012121345,0.9998677
426e33a5c9e89ad80f50af53911f9acc,PV_data/Apple___healthy/37b9da4a-2823-48fb-ba35-4138a44acf53___RS_HL 5954.JPG,3,3,True,0.9992069,0.00057851605,0.00016664638,4.795966e-05,0.9992069
f64141677970dc8e35edbfc90032458a,PV_data/Apple___healthy/3a1ca70b-00f0-4a0b-a973-8db1da714e6c___RS_HL 7759.JPG,3,3,True,0.99887615,0.0011053666,1.6986534e-05,1.4353626e-06,0.99887615
b406cabfbede7a123e5a860feee7337f,PV_data/Apple___healthy/3bde3d8d-8a44-4e06-9492-a54a9844bf90___RS_HL 7318.JPG,3,3,True,0.98940516,0.006719817,0.0038609405,1.40737175e-05,0.98940516
6f0b3d88e14657242e0c27b667cefea3,PV_data/Apple___healthy/3c469e15-452e-4332-9f4b-93104f32d5e9___RS_HL 7954.JPG,3,3,True,0.9995179,0.0004413338,3.977775e-05,9.4371984e-07,0.9995179
fa29edf12d70569b6273941e49fed33e,PV_data/Apple___healthy/3c739f46-0ab2-4441-8fa9-cbc16d7609cb___RS_HL 7385.JPG,3,1,False,0.74015224,0.0014485217,0.74015224,2.5069477e-05,0.2583742
7ce84f8c1a1b88c11f8f7bfc23054d99,PV_data/Apple___healthy/3d300955-5956-4ed8-9348-d2d02388d4d3___RS_HL 7772.JPG,3,3,True,0.99123657,0.0068640844,0.00014150965,0.001757803,0.99123657
f3de73ca98a4a1447d1a4c190d210ebf,PV_data/Apple___healthy/3e3eaffe-3dda-4a64-8aa7-ca6cf40ff284___RS_HL 5698.JPG,3,3,True,0.9932087,5.3187087e-08,0.006698065,9.310634e-05,0.9932087
9c382f593de765595031879f65b7682e,PV_data/Apple___healthy/3f9788c1-8456-453f-b1c2-5cc66ba714a6___RS_HL 7635.JPG,3,3,True,0.999998,1.0984639e-06,6.448779e-07,3.8175446e-07,0.999998
85b8259b74ea848e95eab672eb3a21b3,PV_data/Apple___healthy/435d4aff-f96c-415a-91a4-07e21179a3d0___RS_HL 8159.JPG,3,3,True,0.9919465,0.0030740793,0.0011858635,0.0037934948,0.9919465
ab5215253a417f6a94a0a5c97e894d6d,PV_data/Apple___healthy/44acd453-48a7-48db-997a-34b00a4d437a___RS_HL 7892.JPG,3,3,True,0.9996636,0.00030232774,4.205703e-06,2.997009e-05,0.9996636
842c1f761d2750203e877b989504e6de,PV_data/Apple___healthy/44d0b31c-72e0-4a8f-9c3b-64051dab5d2e___RS_HL 7856.JPG,3,3,True,0.9651589,0.0021101492,0.011319466,0.02141159,0.9651589
35ea921be5c67ead576e0a8e51609d1a,PV_data/Apple___healthy/456779f4-b7a7-4980-94ee-1798491ca888___RS_HL 7415.JPG,3,3,True,0.9801272,0.00022910602,0.019594561,4.903915e-05,0.9801272
72d208bd4e22e10bd4066d2950554248,PV_data/Apple___healthy/456d5c1e-e025-4d4d-866c-799627dfeb36___RS_HL 5673.JPG,3,3,True,0.9956055,0.00014877065,0.0042452496,4.2443443e-07,0.9956055
c49709db1025a18b5f6a05fb5c52a872,PV_data/Apple___healthy/468c07f3-8ac1-4b0f-8e10-f97a7b41f4f9___RS_HL 7661.JPG,3,0,False,0.6575583,0.6575583,0.00094425445,0.0012508808,0.34024653
d81b819922e6a5a44fe253622afd3118,PV_data/Apple___healthy/4839a9b1-c89f-475c-849f-c40c44e9cfff___RS_HL 6040.JPG,3,3,True,0.99504966,0.0007104798,0.0030280112,0.001211893,0.99504966
4b326c8132ccbe0562f7805b9a810aa1,PV_data/Apple___healthy/49cc68a3-a1df-47c2-99d5-c2cb3a4c0227___RS_HL 7854.JPG,3,3,True,0.9761076,0.021411872,0.00019138707,0.0022890866,0.9761076
d8a7359679d9cf08beeb7c83e318b677,PV_data/Apple___healthy/4bfc8d18-abd9-473f-b581-22283574686d___RS_HL 8088.JPG,3,3,True,0.88193786,0.115005516,0.0011123192,0.0019443865,0.88193786
d1b6906ff851804cffc150a11d0ad457,PV_data/Apple___healthy/4c368acb-0a47-4c7f-84bd-29dc74660db9___RS_HL 5800.JPG,3,3,True,0.9883277,0.01120533,0.00038611298,8.089591e-05,0.9883277
e24c434b33efe7346f576a8d36bb4776,PV_data/Apple___healthy/4cd37f4e-557b-4317-8772-21abd1efec65___RS_HL 7420.JPG,3,3,True,0.999509,0.0002633865,0.00022759772,2.8717809e-08,0.999509
e0a13017ca41f885777a801aab6eb092,PV_data/Apple___healthy/4cfa1595-b674-419b-93f7-2a836ff4d1bd___RS_HL 7464.JPG,3,3,True,0.9999807,3.148561e-08,1.9170242e-05,8.7771944e-08,0.9999807
db72d5e8e359bce72fe0fcf259ebda51,PV_data/Apple___healthy/504ac2ab-ebfc-4c7d-89bf-d52955b6d297___RS_HL 7652.JPG,3,3,True,0.9996153,0.00028238725,1.6568354e-05,8.5695334e-05,0.9996153
e479c473a24c962e85eb85b82a896c43,PV_data/Apple___healthy/514b3065-844b-40c8-8a86-043200a1779e___RS_HL 7721.JPG,3,3,True,0.9783804,0.018501023,0.0029509822,0.00016755881,0.9783804
31896d5b6d091d26e1ecf6addb619250,PV_data/Apple___healthy/51ad3661-ed25-4c8f-9f90-44f8f0f042e0___RS_HL 7645.JPG,3,3,True,0.9673122,0.030874725,0.0014620151,0.00035096644,0.9673122
de51a856b49679c13f0f234b61f7b42e,PV_data/Apple___healthy/51e68778-c3ba-423c-8fb8-bc5d1c20645a___RS_HL 7302.JPG,3,3,True,0.99903625,0.00044779034,0.00050857826,7.4170543e-06,0.99903625
1edb323d5f013f9662a35c67959dc279,PV_data/Apple___healthy/530f24d7-aefb-419d-b814-2cb3a81cfe2c___RS_HL 6071.JPG,3,3,True,0.9999995,5.172441e-07,3.0647552e-08,6.767857e-09,0.9999995
c1fd63ac3a77a12269a23aff4f35736a,PV_data/Apple___healthy/53d09cc6-89ef-4180-a823-31c5f6566656___RS_HL 6070.JPG,3,3,True,0.99993825,4.4451568e-05,1.1891791e-05,5.417949e-06,0.99993825
5e64fff5c232d7c7892d8112ce3046dd,PV_data/Apple___healthy/55b70cf6-c157-48bb-892c-24fa7c230a85___RS_HL 6203.JPG,3,3,True,0.87169755,0.0064802906,0.00058912375,0.12123302,0.87169755
7feb5ed22ae917b1bb2fb23ccaf86a23,PV_data/Apple___healthy/57b5c040-d081-45ad-a73b-948eb18dd3eb___RS_HL 7826.JPG,3,3,True,0.99991643,7.468408e-05,5.1541842e-06,3.7264376e-06,0.99991643
c10ee20847564bee5658146380ba403c,PV_data/Apple___healthy/57e50846-b756-498f-a4b7-84571faed0ab___RS_HL 7541.JPG,3,3,True,0.9999155,5.7768157e-05,2.6692614e-05,6.6788886e-08,0.9999155
260377983b4da78500fdd974be155911,PV_data/Apple___healthy/5ceefac5-fa4f-4b5c-b270-3a945fc89ec0___RS_HL 6191.JPG,3,3,True,0.885743,0.011133454,0.02062033,0.08250318,0.885743
e03d9b7a2c1c0cf8793d16ed1f7be7ae,PV_data/Apple___healthy/5d738917-48c8-4a27-90e9-0a4eac076fbc___RS_HL 5999.JPG,3,3,True,0.9987368,0.00011544002,1.3882009e-05,0.0011338252,0.9987368
a8eecbd5c5bb0f08808884b8b202a33d,PV_data/Apple___healthy/5e552830-5ccd-4f85-9f77-ed63db285890___RS_HL 5994.JPG,3,3,True,0.9998574,0.00014199513,2.9039205e-07,3.4621365e-07,0.9998574
02804769bdc27b0414949c8618ff09b7,PV_data/Apple___healthy/5f1b959d-c157-455f-baea-258293cad073___RS_HL 6114.JPG,3,3,True,0.9999225,4.168434e-06,3.5428475e-05,3.79311e-05,0.9999225
9c5bf684760ca41f02e449de78d23cb6,PV_data/Apple___healthy/5fd5b78d-72e9-4e04-99cf-a1b4ef4ba485___RS_HL 7852.JPG,3,3,True,0.9109546,0.054480247,0.024486529,0.010078752,0.9109546
e4ec8ad73b2a551d8630ad17c7ee7ded,PV_data/Apple___healthy/60385266-12df-445f-9fcf-196b1f91c254___RS_HL 8070.JPG,3,3,True,0.99940526,0.00052903907,6.411338e-05,1.584482e-06,0.99940526
6ba99ca499c5cdf206516fa98afda401,PV_data/Apple___healthy/605bebdc-6d3e-4cfe-8498-3ccd1028e76d___RS_HL 7877.JPG,3,3,True,0.99998903,7.5696535e-06,1.5105811e-09,3.3591127e-06,0.99998903
a52cac09f19d4aa17df8dd08edf78218,PV_data/Apple___healthy/60af8fc1-7f44-496c-9999-507d06e92142___RS_HL 7278.JPG,3,0,False,0.85547054,0.85547054,0.00014713456,2.8402503e-06,0.14437945
c30a6e05926b544cd2b070d42eff2b9a,PV_data/Apple___healthy/60be19f7-984f-4e9d-ad1d-4d21ea4c0eef___RS_HL 7966.JPG,3,3,True,0.99993265,2.5828545e-05,4.1389627e-05,1.6168656e-07,0.99993265
98509208235adf4de8b63aba0cd359dd,PV_data/Apple___healthy/64764c6e-6e57-4fbe-903f-06103bd72a38___RS_HL 5951.JPG,3,3,True,0.98827714,0.00012673739,0.0075270566,0.004068964,0.98827714
1ed7fec29495385147ceaf1900b04a1f,PV_data/Apple___healthy/6519f187-e99f-4a02-9a28-eb4e167ea35c___RS_HL 6015.JPG,3,3,True,0.99923444,0.0005795752,0.000106868305,7.9104306e-05,0.99923444
62a72b16a90c44a5368d47007db1c10d,PV_data/Apple___healthy/65a6d1f7-616e-40b7-8ebb-8b895c69a7dd___RS_HL 7813.JPG,3,3,True,0.9995966,2.9844587e-05,0.00031102035,6.2485415e-05,0.9995966
68e0bdb6484df31a57182f45f30d0899,PV_data/Apple___healthy/66b2ddc7-46d8-487c-a93b-43d4332b7a31___RS_HL 5764.JPG,3,3,True,0.9999615,7.9165675e-06,2.8677612e-05,1.8737262e-06,0.9999615
54e1e4d9b4fd60782b984f38d3ba8fdc,PV_data/Apple___healthy/682b3d72-607f-404f-b9e8-48acc1574f41___RS_HL 7419.JPG,3,3,True,0.83506763,0.00029786097,0.1644562,0.00017833097,0.83506763
41b641a83f21364f61e49e9c28a51150,PV_data/Apple___healthy/68812d5a-2b5d-4a89-b8de-f8f87422f321___RS_HL 6280.JPG,3,3,True,0.9875962,0.0029636787,0.0026122502,0.0068278788,0.9875962
f8c2bb032b9872a2e93464e53eb90590,PV_data/Apple___healthy/68d3346d-11c5-4ad7-ba09-2f616dde3848___RS_HL 7428.JPG,3,3,True,0.9917499,4.1031977e-05,0.008208776,3.0816963e-07,0.9917499
74ef0c101d977b982987abc5ace19979,PV_data/Apple___healthy/6935b4ee-4f53-4f11-b2bf-d9e7db6dcaa9___RS_HL 7253.JPG,3,0,False,0.9991642,0.9991642,0.00011227563,7.2210973e-06,0.0007162413
0f3e4b34b7e9113535776adf17251cb0,PV_data/Apple___healthy/6acc4c43-8bc1-4a6e-a6d6-93474e9c8502___RS_HL 7654.JPG,3,3,True,0.9847853,0.015116891,2.3392866e-05,7.447677e-05,0.9847853
b2b2e535b769db1a5beb5b8c09413e4b,PV_data/Apple___healthy/6dea065f-3b56-4372-a04a-ab6d20e47234___RS_HL 7453.JPG,3,3,True,0.99485844,0.000102920276,0.005036382,2.2063225e-06,0.99485844
d927199c30cef477c9f7edde78dedac9,PV_data/Apple___healthy/6fe99b1c-d402-4756-a21b-ff964b999adb___RS_HL 6253.JPG,3,3,True,0.99942523,0.0004967239,7.515978e-05,2.8034194e-06,0.99942523
4fdfc617ed6950cee86667344bfd4bcd,PV_data/Apple___healthy/705990f2-bc4f-4568-af0b-2f58bd3b51a0___RS_HL 7608.JPG,3,3,True,0.9998677,0.00011590108,1.5399897e-05,1.0790636e-06,0.9998677
5f2b6e4c2dbb284db240e8dc0611a7b0,PV_data/Apple___healthy/74bda678-63b6-44fb-8e8f-259788239618___RS_HL 5830.JPG,3,3,True,0.95566756,0.04400032,0.00014616476,0.00018599333,0.95566756
6119fd2e2238a36712bfcb2ade9c610e,PV_data/Apple___healthy/75b7a5bc-e419-4312-b5d9-6c3446a24ef4___RS_HL 6079.JPG,3,3,True,0.99997056,5.085708e-06,1.631965e-05,8.020736e-06,0.99997056
9a6df0aa58f5cbd8cc140ceec1250370,PV_data/Apple___healthy/76367d84-6702-4ef7-84f1-fe308315d04d___RS_HL 5967.JPG,3,3,True,0.98531157,0.0066436864,0.00022321107,0.007821493,0.98531157
4f60045ae402924012958edf5807a9f6,PV_data/Apple___healthy/77b48eb5-7237-460f-8751-cfb231c917a7___RS_HL 7687.JPG,3,3,True,0.9944622,0.0004503123,0.0050220615,6.535901e-05,0.9944622
fd60765e406e2f3a8a7164cda4c60b22,PV_data/Apple___healthy/77b8d24a-27e6-410e-97ef-faacc60c5a10___RS_HL 5831.JPG,3,3,True,0.6200275,0.36497906,0.014927197,6.631313e-05,0.6200275
82394ea16cada727195841340e777732,PV_data/Apple___healthy/77c943f7-afbd-4d41-a40a-9e05a2600fbc___RS_HL 7475.JPG,3,3,True,0.9986609,0.001334914,7.353809e-07,3.4514026e-06,0.9986609
9c2ca3d59493c24ae51adaabd8f3a1f8,PV_data/Apple___healthy/78e648c6-a360-4fa8-b8ab-1225b164b7fd___RS_HL 7243.JPG,3,0,False,0.48543054,0.48543054,0.1386684,0.0013724298,0.37452856
404298ab79d3aaaaef7b3a0239d552dd,PV_data/Apple___healthy/79d597cf-e046-4b0e-b489-a9d24b3a8f8e___RS_HL 8014.JPG,3,3,True,0.9998764,0.000108516186,1.4882115e-05,2.2318785e-07,0.9998764
68fff371d566c3022b62a9c65b30f7d2,PV_data/Apple___healthy/7bf0ddc7-fa85-442b-859b-486b087a4641___RS_HL 5837.JPG,3,3,True,0.99961615,0.000114660004,0.00026910883,9.490389e-08,0.99961615
79dee516b729a15b681ca8722b1d6517,PV_data/Apple___healthy/7c388477-2953-4b3d-8f22-7f9eed5fff5c___RS_HL 7527.JPG,3,3,True,0.9989705,0.00062695233,0.00037782273,2.4664947e-05,0.9989705
d6e0ea01ee74d4442fcc97ac1e24ce8e,PV_data/Apple___healthy/7cbd343b-9af0-47cb-9aa5-e19e675b3057___RS_HL 7265.JPG,3,3,True,0.99837613,0.0013060529,0.00021660126,0.000101191,0.99837613
4990b94a68439923af95fc31fc160321,PV_data/Apple___healthy/7d9eb65f-be86-4516-b239-cbf856aa5ed4___RS_HL 6110.JPG,3,3,True,0.9975018,0.00096234394,0.00043388794,0.0011019566,0.9975018
561039594d49b4fc6e983cd47e9223df,PV_data/Apple___healthy/7dd45aba-e6cc-4ef9-a52c-5223c2e6b0ea___RS_HL 5877.JPG,3,3,True,0.97382325,0.00047590362,0.025655476,4.52837e-05,0.97382325
82146994721b813531c9526bfd1ec925,PV_data/Apple___healthy/7e2b569c-2eb5-4f4e-af96-e4cde4971634___RS_HL 6136.JPG,3,3,True,0.99998116,8.682912e-06,5.4888505e-06,4.64388e-06,0.99998116
30a40b64ccbf3a3d902f4d3dedbf17ce,PV_data/Apple___healthy/7f7a6126-8b21-49fd-8880-25ffd0234302___RS_HL 6027.JPG,3,3,True,0.9998884,5.420537e-06,8.926312e-05,1.6912618e-05,0.9998884
0412e37180c622de28bf73e0bfeff880,PV_data/Apple___healthy/8159ee63-0c79-4987-8d1d-42471d4e8b90___RS_HL 7508.JPG,3,3,True,0.99979293,0.00013193955,7.083814e-05,4.3233763e-06,0.99979293
b5c97c476939cc482543d7d15b1e4676,PV_data/Apple___healthy/818082df-492c-4c5e-a3bb-a3153818d816___RS_HL 7319.JPG,3,3,True,0.9575787,0.009482638,0.032398276,0.0005404039,0.9575787
49a71fd11aa4ea29908f44ea5b381688,PV_data/Apple___healthy/828a6b50-e2fb-4e63-a595-556aa41d43a7___RS_HL 6250.JPG,3,3,True,0.9809698,0.0025862677,0.0013700183,0.015074026,0.9809698
7708fe94b06db58653265ba4ef570d89,PV_data/Apple___healthy/84d6003b-3195-49cb-9831-861d9dc5b2cd___RS_HL 8041.JPG,3,3,True,0.99719125,0.0021238187,0.0006602679,2.4771538e-05,0.99719125
c4f075755c5cde1773844b762e928372,PV_data/Apple___healthy/8673df90-01fb-4dde-9510-6743bfefb367___RS_HL 6069.JPG,3,3,True,0.9976228,0.0011573558,1.4704091e-05,0.0012051113,0.9976228
2f9bcdc09115577567c45cc96dddc7de,PV_data/Apple___healthy/86f6b322-e7af-4d91-b0c3-c5c6d6336fa5___RS_HL 7422.JPG,3,3,True,0.9841394,0.00014968184,0.015710672,2.0537342e-07,0.9841394
f76937b2110a9217d14d890aa2292c51,PV_data/Apple___healthy/87a26817-6916-47fc-8cdb-adc5c57ad21b___RS_HL 5684.JPG,3,3,True,0.99886745,7.374357e-07,3.9628132e-05,0.0010921407,0.99886745
de6cc67c5fbf146ba50af57048bf8a91,PV_data/Apple___healthy/880ed927-54cb-43f7-8d9d-4e2705cc8472___RS_HL 7488.JPG,3,3,True,0.999931,1.0117693e-05,5.8237518e-05,6.0934394e-07,0.999931
c6795ab94acca7afc76e736f6994ae06,PV_data/Apple___healthy/885dd825-a34b-4149-bbb0-445fa62a4e64___RS_HL 7814.JPG,3,3,True,0.99906284,0.00069994666,0.00023709924,1.15346e-07,0.99906284
8af0265c482b8c67b31d05dd19cdf508,PV_data/Apple___healthy/89699048-94c3-4389-9a86-13e73dfd23c6___RS_HL 7257.JPG,3,0,False,0.6739497,0.6739497,0.08142768,0.0020248014,0.24259768
9114b2fbaa585c9bd54602fd2ab9e253,PV_data/Apple___healthy/89ce10db-057c-4c03-9324-b512db8ca3d6___RS_HL 5797.JPG,3,3,True,0.99990654,3.803641e-05,2.453788e-05,3.082448e-05,0.99990654
f1be28a7e28c2bfdabcfad059d1bf02d,PV_data/Apple___healthy/8a6cad28-0c10-47aa-af0e-fd82de61ba70___RS_HL 6246.JPG,3,3,True,0.9960353,1.3561982e-05,0.0038766086,7.457712e-05,0.9960353
939e7e1303ce3610b48fc5ae870145c7,PV_data/Apple___healthy/8b60fc20-52fa-40a2-8d91-367307968f8e___RS_HL 7264.JPG,3,3,True,0.95263386,0.04723669,0.00012404229,5.4438037e-06,0.95263386
5957848fe67a3961fe2029ef535d48be,PV_data/Apple___healthy/8c43ceb4-000b-441b-887f-ef495da381e2___RS_HL 7864.JPG,3,3,True,0.99719274,0.0015065749,0.0012888907,1.1777392e-05,0.99719274
8d8b2c11ac8f74426bc0c59659c9d4f4,PV_data/Apple___healthy/8cc94307-16b9-4e2c-a786-5ba504d244c3___RS_HL 7799.JPG,3,3,True,0.999998,8.043645e-08,9.24591e-07,1.0135016e-06,0.999998
926b263ee449f6f6ec8ab3c658a42d1c,PV_data/Apple___healthy/8de1ca48-0d3b-4473-bc5a-9b4a881006ff___RS_HL 7433.JPG,3,3,True,0.9994332,2.2288926e-07,0.0005663632,7.5963015e-08,0.9994332
63a88370005236bf48b5de52e2833b55,PV_data/Apple___healthy/8fd3cfbd-fbca-4c33-a2a7-1e7ecc71ec9e___RS_HL 6091.JPG,3,3,True,0.99957484,0.00018513222,0.00013533572,0.00010460608,0.99957484
96b8ae8754530d2700337c1f2cac89a3,PV_data/Apple___healthy/90fd9659-9d97-4428-bc35-c84def0ba3ba___RS_HL 7981.JPG,3,3,True,0.9999989,6.236257e-08,3.4268646e-07,6.305073e-07,0.9999989
7a0171d8c6217c0d5db807d49663f5b8,PV_data/Apple___healthy/91c6a666-8d31-466f-b7cf-78c9268fba9c___RS_HL 7697.JPG,3,3,True,0.9997664,0.00018154865,5.1500672e-05,5.911839e-07,0.9997664
f00cf0173a9482858ea77f6db2be6700,PV_data/Apple___healthy/9284bd52-df45-4fc3-aaa6-4323666b41c4___RS_HL 7348.JPG,3,1,False,0.8603067,3.3102424e-05,0.8603067,5.895416e-06,0.13965428
fcce21fbced38d312cbe74fdaf90da11,PV_data/Apple___healthy/92effbbb-c662-40c8-8aa9-a5a453d859df___RS_HL 5899.JPG,3,3,True,0.9996538,5.7080466e-05,7.008654e-05,0.0002190519,0.9996538
5917ff13050ba27980ba4bbd09242668,PV_data/Apple___healthy/946b311a-cb67-46d4-8c8b-0d91ebd456f3___RS_HL 5809.JPG,3,3,True,0.9999423,5.6918857e-06,5.023625e-05,1.8577056e-06,0.9999423
d41649e1a8061e01c7ea83037a58eddc,PV_data/Apple___healthy/94c36e88-6c77-4e7b-b6c8-bf354d8f6fe9___RS_HL 7930.JPG,3,3,True,0.9997389,0.00025351383,6.902316e-06,6.893288e-07,0.9997389
57f9c825da74a60908a5ab333e1ed67f,PV_data/Apple___healthy/950b3f81-0b23-4fed-a47c-e1291f430e8f___RS_HL 7418.JPG,3,3,True,0.99379313,1.8062037e-05,0.006188765,7.409482e-09,0.99379313
246f50daa2a9d539f25cb8ea83acf507,PV_data/Apple___healthy/9871fd63-1ee8-436a-a1b3-c6104350400b___RS_HL 5693.JPG,3,3,True,0.9987413,1.0847329e-05,0.0008231102,0.00042483458,0.9987413
4ccfe06f40d6a1ce8287419990d0bc55,PV_data/Apple___healthy/990838f4-b976-45bb-859d-95de901acc8c___RS_HL 7365.JPG,3,3,True,0.9999901,9.854669e-06,7.241834e-09,1.15449796e-10,0.9999901
83a7b4b5719a192d17384fe378664c66,PV_data/Apple___healthy/99b369d2-fa9b-4d3b-8516-462dbae8561a___RS_HL 7242.JPG,3,3,True,0.878709,0.1153982,0.004998057,0.0008946989,0.878709
927a70b053e64469216bb6b1c3571acb,PV_data/Apple___healthy/9aa3bace-83a4-4572-a2b2-cc12dcb4cafa___RS_HL 5742.JPG,3,3,True,0.99806017,9.524908e-05,0.0018283579,1.625247e-05,0.99806017
e7f4e32b12a9db2c4240e5a43fd91546,PV_data/Apple___healthy/9d872301-fed3-4fc4-bf58-9963a5248105___RS_HL 5678.JPG,3,3,True,0.99998295,5.973138e-06,1.10435e-05,2.8724084e-08,0.99998295
2849e44ec05b2b93d93951a6dffb3ac6,PV_data/Apple___healthy/9ee2b5e6-46cf-400f-a82f-660a2ac05157___RS_HL 5643.JPG,3,3,True,0.99933356,7.514379e-05,0.00058971107,1.5670453e-06,0.99933356
9bd48f2342bbf964e830e3b2792a9f0f,PV_data/Apple___healthy/9f6f67e7-5369-4642-9594-a29fba331a5c___RS_HL 5907.JPG,3,3,True,0.9998646,2.0472702e-05,2.7869331e-05,8.705475e-05,0.9998646
475e6bdd5f44dfd131614eac31e91329,PV_data/Apple___healthy/a1630d3e-2f30-455e-b259-d92b7b332588___RS_HL 5768.JPG,3,3,True,0.9110253,0.014472268,0.074011065,0.0004913832,0.9110253
3dec86d4c56bf2cf4fb42f650ab4d570,PV_data/Apple___healthy/a270262b-b9f7-4756-abc4-d8ce165a4a8f___RS_HL 7613.JPG,3,3,True,0.9996159,0.00015746168,3.4248078e-05,0.00019245969,0.9996159
7ad4ee6f9f67cbbc7c3ae6c0e29e19ce,PV_data/Apple___healthy/a30bee25-14fb-43d2-9ab2-b179c920839c___RS_HL 5778.JPG,3,3,True,0.9995017,0.00022278396,0.00019908404,7.6370045e-05,0.9995017
9537c938c6ca9d41a6dc76c7f2ec7b98,PV_data/Apple___healthy/a30edbd9-7605-47ca-9841-dce943c3e12a___RS_HL 7523.JPG,3,3,True,0.99969655,0.0002146739,6.668015e-06,8.207014e-05,0.99969655
152f12e2fad6653b7ef80b2697b4c47c,PV_data/Apple___healthy/a58444b0-ca47-491a-8ddb-c9ae42c26747___RS_HL 6060.JPG,3,3,True,0.99993527,1.2182912e-05,4.8723745e-05,3.7316895e-06,0.99993527
96ddf8f8c46a7fc785c62d683acafbaa,PV_data/Apple___healthy/a5acd48c-a7c2-42de-8a2e-231bb94e134d___RS_HL 7591.JPG,3,3,True,0.99998343,1.4420296e-05,1.976126e-06,8.709694e-08,0.99998343
cdafca6261b6777ceb06fb70dfc93df9,PV_data/Apple___healthy/a65ad047-7fcd-4059-a4fa-15cd09a284d4___RS_HL 7861.JPG,3,3,True,0.99999857,1.3673886e-06,4.6808697e-08,1.12547625e-08,0.99999857
be336848b03b6ccd3d972ac35992db19,PV_data/Apple___healthy/a6af24a5-31a8-4154-bfe6-7b3f7d516f6a___RS_HL 7622.JPG,3,3,True,0.9945813,0.003816037,0.0015648801,3.7695794e-05,0.9945813
190d3e780fb3460478a14790c3a8aa19,PV_data/Apple___healthy/a8c76694-697e-4684-bc13-ac1302ebd3c0___RS_HL 7411.JPG,3,3,True,0.5760744,0.00021783261,0.4237076,1.663573e-07,0.5760744
f677eec4e49f41d04526e33eb390dbbd,PV_data/Apple___healthy/ab23fdc9-8036-47f2-a32b-b3facb13fd5b___RS_HL 5947.JPG,3,3,True,0.98678833,0.0007435205,0.00041441916,0.012053634,0.98678833
db5b05adbb82a96f766941d110c2f038,PV_data/Apple___healthy/abc9f5f6-ea98-46c0-8df7-2986969318bf___RS_HL 5928.JPG,3,3,True,0.98728275,0.011801311,5.6787245e-05,0.0008590308,0.98728275
66bf9baf83c321afca64c71dd044c7b5,PV_data/Apple___healthy/ac7b5666-1fe7-4407-a769-7beb71dadd13___RS_HL 5640.JPG,3,3,True,0.9998467,5.298083e-06,0.00014791213,7.367026e-08,0.9998467
753c00a785b0d8c546da0acf690c1ddd,PV_data/Apple___healthy/ae4a5e3d-c781-49ec-901e-940f127e1688___RS_HL 6128.JPG,3,3,True,0.98912656,0.00046159775,0.0012544482,0.00915743,0.98912656
b64d919f37cacc2ebec0630d743c963d,PV_data/Apple___healthy/af2972a9-c62d-44bf-a5df-45c0bdf70572___RS_HL 5835.JPG,3,3,True,0.999894,7.0005044e-05,3.5814974e-05,2.517678e-07,0.999894
6636858da4e85658028ea3b6d6bf99ae,PV_data/Apple___healthy/b06260e3-9149-43c1-ab1d-2a592ee2b7fc___RS_HL 5825.JPG,3,1,False,0.92236286,0.0027679328,0.92236286,1.7259083e-05,0.07485195
8eff0158339bd79bf9adf23b5bead4d5,PV_data/Apple___healthy/b09360ae-9c60-49b8-abb8-edc4c37d79c3___RS_HL 7643.JPG,3,3,True,0.9749485,0.02367747,0.0012957464,7.831674e-05,0.9749485
51749ac56370eeecd605e48b04effeb0,PV_data/Apple___healthy/b49f9a95-3672-4f62-9767-51a0f9825267___RS_HL 6232.JPG,3,3,True,0.9956975,0.0009906972,0.0004072882,0.002904588,0.9956975
2728d683581130d4b439c2465c7f7521,PV_data/Apple___healthy/b5ff5168-38d9-4a8b-b5bb-94c310e77b53___RS_HL 6083.JPG,3,3,True,0.9999814,4.3044682e-07,1.8166986e-05,8.3438366e-08,0.9999814
27cf7c8356f9bad911c89544f6cdd90e,PV_data/Apple___healthy/b79b7572-548b-400e-a675-1ffa9a1d6079___RS_HL 6281.JPG,3,3,True,0.9960234,0.00025746753,0.00026454043,0.0034546056,0.9960234
f65c53c38902c343b22d62765d894795,PV_data/Apple___healthy/b85dfb75-f620-427c-9108-02547560a2b4___RS_HL 5913.JPG,3,3,True,0.9112403,0.012836235,0.0058482615,0.07007534,0.9112403
70b3f1607646e5c30c309eef5298ec1a,PV_data/Apple___healthy/b876a8f5-9fee-48fe-817c-f810a55c9ee2___RS_HL 7496.JPG,3,3,True,0.99998724,3.9415677e-06,4.343754e-06,4.506644e-06,0.99998724
ec2e791afe90ad23fc6ed9a4893fe0cf,PV_data/Apple___healthy/bb94fafa-e2c6-41bc-8146-83835e579513___RS_HL 7585.JPG,3,3,True,0.999614,4.81657e-05,0.00033293114,4.8987526e-06,0.999614
7ce399e19aee81da6622a7922731f6d9,PV_data/Apple___healthy/bd61a0a7-939f-43ba-bb02-168ceb97a32a___RS_HL 5902.JPG,3,3,True,0.9527925,0.019643622,0.0010667131,0.026497168,0.9527925
e595d46e1117ddf84afb66f54fde1e61,PV_data/Apple___healthy/bd910a05-42d0-4e01-9d88-0c8577ccdbe2___RS_HL 7396.JPG,3,3,True,0.99999785,1.5101105e-07,1.9239153e-06,1.018518e-07,0.99999785
b2b8fbc1a94084c324bc6ea0bd0d9d30,PV_data/Apple___healthy/bd9222f6-b97a-4e5b-ac0f-ff320f5f7180___RS_HL 7630.JPG,3,3,True,0.9998698,0.00012903393,1.034761e-06,6.7661493e-10,0.9998698
b49c1f04e428c998726fa232bf7c9559,PV_data/Apple___healthy/bf5b3cf2-cc13-4fbd-b629-7a7f56afe59b___RS_HL 5932.JPG,3,3,True,0.9854021,0.00030197907,0.013366494,0.0009293976,0.9854021
c3750e5017634ce213934a0a01bfc10d,PV_data/Apple___healthy/bfbfd624-ea18-4469-8038-4c90e4369209___RS_HL 7628.JPG,3,3,True,0.9966358,0.0033629194,4.6045326e-07,8.086209e-07,0.9966358
d515938b30bca56c336364313762c431,PV_data/Apple___healthy/bfef73e8-a8d2-4c50-8266-b8eaafd993e4___RS_HL 5861.JPG,3,3,True,0.9994987,0.00038900704,7.2706745e-05,3.9613755e-05,0.9994987
40ac1034cd44f018e7826464dbae1903,PV_data/Apple___healthy/c023b0a2-5c8b-448f-9735-2e11a7a389ec___RS_HL 6198.JPG,3,3,True,0.99992895,1.0659653e-05,2.8096902e-05,3.223904e-05,0.99992895
a7ea5fbbd3dc215efaa8537a2e37d5c5,PV_data/Apple___healthy/c02b90e9-753e-44a7-a4b8-1e19f1de42f4___RS_HL 7971.JPG,3,3,True,0.9672296,0.032584094,0.0001859919,3.8461144e-07,0.9672296
0deb3c58a183b2f6bf3123e7c9f573ea,PV_data/Apple___healthy/c2498e7d-1a61-467a-9de9-800bab0e69bb___RS_HL 7395.JPG,3,3,True,0.9999969,8.3500595e-07,2.1195262e-06,1.406794e-07,0.9999969
d6c19779fa8a6d6e938a6d07490c5223,PV_data/Apple___healthy/c5415525-b654-4f0d-8aaf-c529db6c630f___RS_HL 8115.JPG,3,3,True,0.999648,0.0002343499,1.6333025e-06,0.00011596781,0.999648
dc563e275d716d5eb3d752b032a34f7e,PV_data/Apple___healthy/c86f1476-4e5c-4dbd-923d-a575bd03cd18___RS_HL 6210.JPG,3,3,True,0.99726236,0.00029787494,0.0018110231,0.0006286554,0.99726236
e0a191081e29c9431a22dcf4f1c5eff8,PV_data/Apple___healthy/c89af5ca-be92-4d72-af08-56598771c4c3___RS_HL 5695.JPG,3,3,True,0.9989771,1.5362082e-06,0.000886001,0.00013528176,0.9989771
80ef14ca15cb9f2249dfdb354daa6c0e,PV_data/Apple___healthy/c8fe407d-1806-41a1-9fee-0c7d2c538fba___RS_HL 6166.JPG,3,3,True,0.99881136,8.165603e-06,0.0009525962,0.00022790743,0.99881136
4ee5ee4a2ec4edb306b0d3f47cb14657,PV_data/Apple___healthy/c93d7101-89bf-48d9-bcb2-3957da7131ff___RS_HL 8035.JPG,3,3,True,0.99997723,1.5848711e-05,5.41153e-06,1.6043216e-06,0.99997723
0c311def8c85c5b27b7d6ca26acb508a,PV_data/Apple___healthy/c95d4ca9-d33d-4cd6-b0da-31f327e8a5d6___RS_HL 7911.JPG,3,3,True,0.99748313,0.00018639969,0.0022449074,8.552959e-05,0.99748313
d18e75f5cea56902efc0b0917c17d42d,PV_data/Apple___healthy/c9b9e157-bef7-41c8-be22-80933635137f___RS_HL 7922.JPG,3,3,True,0.98736143,4.5064804e-05,0.011042948,0.0015504833,0.98736143
3c38e0ffd4d9549845a9dc91f18b57bc,PV_data/Apple___healthy/cbc30a63-6c05-405d-b735-0a8eee10192d___RS_HL 5983.JPG,3,3,True,0.9984301,0.0013213363,3.6437173e-06,0.00024488414,0.9984301
ec0635ef6a3b7cfe180c5e99e3e037a2,PV_data/Apple___healthy/cc97a80b-968e-46ba-a7ad-afd3d0ffb21f___RS_HL 6048.JPG,3,3,True,0.87412304,0.00013763497,0.003207795,0.12253158,0.87412304
c10eb46357ab5f4db06b3ac3f8ca007d,PV_data/Apple___healthy/ce57ae51-2e2e-4e60-bbc8-033b7b0584d0___RS_HL 6005.JPG,3,3,True,0.99926585,5.77854e-06,1.46513e-05,0.0007137512,0.99926585
dbda3fdba9c04ad75c6958739c8eda0c,PV_data/Apple___healthy/ce955079-4dde-4b96-9240-5348dbb3c774___RS_HL 7760.JPG,3,3,True,0.9987678,0.0010885495,7.280437e-05,7.0827824e-05,0.9987678
0398c658974be122646ca923c86441c4,PV_data/Apple___healthy/ceead707-a3f7-4ac7-801e-113399dcf68a___RS_HL 7254.JPG,3,0,False,0.9541132,0.9541132,0.0012620288,0.00026241,0.044362407
3f30f9232be4cff4edc7545e0331faba,PV_data/Apple___healthy/cfb93659-94c6-4ff3-8104-bae70c975bde___RS_HL 5666.JPG,3,3,True,0.8191808,0.00022477843,0.18037456,0.00021988219,0.8191808
8b1eccbe073d3fa4218eb4a0f8717201,PV_data/Apple___healthy/d092beaf-5cb5-400a-a3b7-b8bcd501af2b___RS_HL 8076.JPG,3,3,True,0.99995434,3.4562698e-05,9.6454305e-06,1.4676468e-06,0.99995434
c6dc48d5942d947ad8cdf7bd0a865232,PV_data/Apple___healthy/d1dd75fa-e0f8-4942-b530-5f6371ac9bc8___RS_HL 7427.JPG,3,3,True,0.95140517,7.9163965e-06,0.048586763,1.2063053e-07,0.95140517
ce3b9dbae720fe5710b684dc957dedaf,PV_data/Apple___healthy/d25674da-5147-4d9d-9041-5b1e97afbdc5___RS_HL 7492.JPG,3,3,True,0.9999962,1.3061289e-06,2.351207e-06,8.82748e-08,0.9999962
81acb0cc86c654ca5b8a65706375d714,PV_data/Apple___healthy/d321145e-6ab0-4ad2-8109-f34ee4389149___RS_HL 7848.JPG,3,3,True,0.99968046,0.0003020821,7.980973e-06,9.47314e-06,0.99968046
399f6b6c9fcf7f4e7ea50e91926fab34,PV_data/Apple___healthy/d345baff-7be6-45a6-802a-b945b95b5885___RS_HL 5956.JPG,3,3,True,0.992592,0.0062000207,0.00046547854,0.00074251613,0.992592
e0f648ee7f2e9be00ba90baf117ad7e6,PV_data/Apple___healthy/d3524c88-0d60-43e0-a181-3ecc0facd54a___RS_HL 8181.JPG,3,3,True,0.9988431,5.160722e-05,3.3150114e-05,0.0010721995,0.9988431
6ac6de230d1c5bd1adf4078a201a9e07,PV_data/Apple___healthy/d3b63202-6e22-4d60-b4d0-31c54ffd2762___RS_HL 5675.JPG,3,3,True,0.99983907,5.084443e-06,0.00015561473,1.0959325e-07,0.99983907
5a852dc21fb049c42843c52a168da609,PV_data/Apple___healthy/d4ddb36a-e4cf-41be-b3f6-16c584e62b9a___RS_HL 7994.JPG,3,3,True,0.9999492,4.7476924e-06,4.586089e-05,1.6080715e-07,0.9999492
c5ce6077e5865998f9db315305b02e1b,PV_data/Apple___healthy/d56f2b29-74ed-4997-a16c-f3416fe36c04___RS_HL 7988.JPG,3,3,True,0.99995184,4.81445e-05,4.8589954e-10,8.921855e-09,0.99995184
00167252e17379279e61abc45ed74781,PV_data/Apple___healthy/d6318793-dacc-4b58-bb19-043324042180___RS_HL 7246.JPG,3,3,True,0.884506,0.074577086,0.036793046,0.0041239257,0.884506
a30f1a179a5b5c629f5247c08a850b88,PV_data/Apple___healthy/d7cc096f-4900-44b4-a85e-216386a73773___RS_HL 5774.JPG,3,3,True,0.9998367,1.8356104e-07,0.0001599454,3.1665745e-06,0.9998367
e1bb9ddba5b0b4bb9d58596b1618f2f8,PV_data/Apple___healthy/d80a4d8f-c6a6-41e9-92d0-ba21894f8c64___RS_HL 5794.JPG,3,3,True,0.9996489,0.0003411007,9.892324e-06,6.9003065e-08,0.9996489
daf459cb6f58a5905253e048c1401a0c,PV_data/Apple___healthy/d91b6c09-9022-4860-98fb-643c0ec85fe3___RS_HL 7965.JPG,3,3,True,0.99711883,0.0026925532,0.00018590172,2.7636368e-06,0.99711883
b660e4baa36be96b2c81b926f42d7e9c,PV_data/Apple___healthy/da781038-1b3d-4934-8927-9477efa7d5ec___RS_HL 5815.JPG,3,3,True,0.9999871,1.0230954e-05,2.2481154e-06,3.3836494e-07,0.9999871
08a1fc2a09605b5f9ee6403228862a3a,PV_data/Apple___healthy/da91e28c-3e10-406c-be5c-d10afd8e183d___RS_HL 6041.JPG,3,3,True,0.9995591,0.00012210339,0.00031315634,5.637663e-06,0.9995591
c7494c6321776e578560df60f7ece7ff,PV_data/Apple___healthy/dbea92a9-9473-4cb1-b181-341789de0681___RS_HL 5708.JPG,3,3,True,0.99941987,0.00019980324,0.00037973962,5.7502234e-07,0.99941987
19ec3ae6706597ed3eed6deb4acd00fe,PV_data/Apple___healthy/dc456961-360a-419b-abb7-b3de3963742a___RS_HL 6055.JPG,3,3,True,0.9897838,0.0001366768,0.009205966,0.0008735715,0.9897838
5a6955af223cb88fadb455265aefba10,PV_data/Apple___healthy/dd4efe08-e387-42e2-9c4c-61b35b09bd0d___RS_HL 8136.JPG,3,3,True,0.9997706,0.00022946777,9.932813e-09,9.649631e-11,0.9997706
401f0c2eb1969985d16a82eff8422ffb,PV_data/Apple___healthy/df6bce5a-1d1b-49f6-a9cb-8f262701b335___RS_HL 8164.JPG,3,3,True,0.99987376,8.138972e-06,0.00011803354,6.56642e-08,0.99987376
7258cd28cd54f3d76716ad847e7fa604,PV_data/Apple___healthy/dff74209-1167-4878-8236-e0bf62e877dd___RS_HL 7815.JPG,3,3,True,0.99115837,0.007734151,0.00081603037,0.00029159556,0.99115837
7422d3e9a1185d047a5c494929c46f8a,PV_data/Apple___healthy/e1571e9e-b373-4d7d-9106-a0b1e4e89bd9___RS_HL 7342.JPG,3,3,True,0.99898046,0.00028551545,0.00073376944,1.3588922e-07,0.99898046
46fb8778bc67958e52cb7a8094cccf38,PV_data/Apple___healthy/e1ba14eb-adfc-4b8f-91ec-cb6fa892f501___RS_HL 7633.JPG,3,3,True,0.9998915,1.796619e-05,8.682473e-06,8.1775404e-05,0.9998915
b6c32dba9be769f234cf23c493de187e,PV_data/Apple___healthy/e34850c1-041f-4674-ba19-b3c48956e986___RS_HL 6184.JPG,3,3,True,0.99524647,0.0005818306,0.002881459,0.0012902828,0.99524647
5e355f46bfd1e8b999e5bd2f1cc8568c,PV_data/Apple___healthy/e366d6d6-7a22-4182-bf81-a573831404a2___RS_HL 6165.JPG,3,3,True,0.98762673,5.311951e-05,0.0009140467,0.011406074,0.98762673
9d8fe236b4c8f4ebd609cfb7c7b42b98,PV_data/Apple___healthy/e439a002-e035-401e-a1aa-77f99fbd65ad___RS_HL 5880.JPG,3,3,True,0.8888813,0.000987515,0.10982051,0.00031063758,0.8888813
f0065f5d5da9afdedd29f0b18ad9ba2f,PV_data/Apple___healthy/e703a7bf-2f28-4577-9463-e67397c1b673___RS_HL 8100.JPG,3,3,True,0.99997807,1.9098678e-05,2.8480797e-06,2.349138e-08,0.99997807
807f82bd450607447c6bde9be50aff4a,PV_data/Apple___healthy/e8f01d04-432d-4894-990b-df471a782651___RS_HL 6297.JPG,3,3,True,0.99994624,1.2141857e-05,1.4997839e-05,2.6630198e-05,0.99994624
b07b84b5758e896448f12e5208e162a5,PV_data/Apple___healthy/ec274680-0ee1-49d4-af42-48c6fe0da457___RS_HL 7306.JPG,3,0,False,0.7708944,0.7708944,0.0010402752,0.0016473364,0.22641797
5e8f0b24f3bbeeba5413c25751982bd0,PV_data/Apple___healthy/ee80e1f5-3e45-49a2-9766-ee6ec0981f91___RS_HL 5690.JPG,3,3,True,0.99216354,0.007334239,0.00018496464,0.0003172435,0.99216354
9cd699461cfef0931f3847a4e7f21afb,PV_data/Apple___healthy/f09b090f-bff1-4fc9-87ad-1b9e05373698___RS_HL 6035.JPG,3,3,True,0.9999851,2.2434333e-06,9.723929e-06,2.8600787e-06,0.9999851
46f22af556420bc4a37fe8996a38acd5,PV_data/Apple___healthy/f1953fa5-9c15-40a5-b9cd-43341f14dc4d___RS_HL 6115.JPG,3,3,True,0.99920464,8.4467145e-05,0.00044910205,0.00026174504,0.99920464
5b9267aae592359d8a0828c4949c4f6f,PV_data/Apple___healthy/f1ff3bc9-8483-4255-a252-95433e00d5e2___RS_HL 7509.JPG,3,3,True,0.99978757,0.00016592185,3.880682e-05,7.6002207e-06,0.99978757
db59ff6d551b47f48364e1c8c4a29ee5,PV_data/Apple___healthy/f31086c2-e23e-4ae1-85a4-89eb742271bc___RS_HL 7611.JPG,3,3,True,0.99993944,1.5676462e-05,4.4851815e-05,8.0519854e-08,0.99993944
224b959d7b368011d8ac5ce389815238,PV_data/Apple___healthy/f32ff514-bb33-437d-96bb-526b36662981___RS_HL 6121.JPG,3,3,True,0.9826803,8.447668e-05,0.017183097,5.2072275e-05,0.9826803
53aba266ea82504d383d8c3945d314d8,PV_data/Apple___healthy/f38f938c-4c62-49f0-b271-d0616057e84e___RS_HL 7843.JPG,3,3,True,0.9997633,0.00011074352,0.00012357395,2.350787e-06,0.9997633
7a90d32a8d145e5ecdcfd036fdc95c2f,PV_data/Apple___healthy/f43cffa7-756c-40c1-ad67-8924692019a1___RS_HL 6187.JPG,3,3,True,0.9967033,3.4939258e-05,0.0004081221,0.002853637,0.9967033
97797f742b8303289974a4063a42e586,PV_data/Apple___healthy/f472e594-6b98-402a-a097-22f46921df9e___RS_HL 7818.JPG,3,3,True,0.99095786,0.0007979479,0.0011794267,0.0070647197,0.99095786
d930b0df1fd79386c58b7d6c177c244f,PV_data/Apple___healthy/f749db98-b26d-40d0-af8e-af6740848dca___RS_HL 7895.JPG,3,3,True,0.99426866,0.00508523,0.00021492202,0.00043120736,0.99426866
1a28497a3c6da2f186459814f6b13597,PV_data/Apple___healthy/f7ac955e-05a2-455a-88aa-2771234e9be0___RS_HL 7530.JPG,3,3,True,0.9876067,0.012329594,2.0382202e-05,4.3357766e-05,0.9876067
da95426b2c840c2c4fb79efc1df81485,PV_data/Apple___healthy/f7b5ebd2-2471-4a99-9944-e25696aa5fa8___RS_HL 6233.JPG,3,3,True,0.9976956,0.000692707,0.00041405755,0.001197647,0.9976956
2f98ea609dc398daefab5c65c1641b47,PV_data/Apple___healthy/f85e6b2c-e4b2-42fe-99db-9583b58bb51b___RS_HL 6112.JPG,3,3,True,0.99994886,1.8842598e-05,2.9116434e-05,3.223192e-06,0.99994886
6feaf787ba25afcc4836db104031dc1e,PV_data/Apple___healthy/f8ac1022-aeb5-4d6c-a976-a4117a3c1b57___RS_HL 5892.JPG,3,3,True,0.95928276,0.00062765187,0.0029370415,0.03715264,0.95928276
f49b2763057a58e44b4389fd6b3dbc7f,PV_data/Apple___healthy/fac07867-acdd-4a19-8be5-987958575af0___RS_HL 5972.JPG,3,3,True,0.96348983,8.851053e-05,0.008555933,0.027865678,0.96348983
4dfd118704bff6f0a7c55eaf31ab2e95,PV_data/Apple___healthy/fac70506-5bb2-40bb-a8bd-249cbe7c27e3___RS_HL 7693.JPG,3,3,True,0.997841,0.0020124298,0.00014188496,4.658462e-06,0.997841
1fc1898a4a999a46b5522712dd9d3780,PV_data/Apple___healthy/faf64a07-ea03-429d-b41d-2a87d2dd066a___RS_HL 5957.JPG,3,3,True,0.9084151,0.0819006,0.00017952223,0.00950484,0.9084151
27041d835604d390ee28d9310af686f0,PV_data/Apple___healthy/fb0953a0-71a5-4c1c-9fb3-f0d9888c2170___RS_HL 8036.JPG,3,3,True,0.9985555,0.0014163521,2.2565791e-05,5.571231e-06,0.9985555
0b9eba1599faa451299cf59fa3bb0bd9,PV_data/Apple___healthy/fc7a6626-26f1-4edd-9fa3-f4017354ef44___RS_HL 5903.JPG,3,3,True,0.97771716,0.012941744,0.0005270707,0.008814042,0.97771716
92d973935afa72fb45c850ab0acc7019,PV_data/Apple___healthy/fcc4c8a4-2177-4a08-a785-063497dfd121___RS_HL 5844.JPG,3,3,True,0.99960744,9.565146e-05,0.00029622135,6.85686e-07,0.99960744
c5a6b6f53ee2615e15efa0aa05fc7838,PV_data/Apple___healthy/fd7d6a50-e28f-4014-8e15-6028b5f349d0___RS_HL 5953.JPG,3,3,True,0.98028743,0.00044749147,0.014737219,0.004527748,0.98028743
8c680f49ddb94872a92d676954f94cf2,PV_data/Apple___healthy/fda25357-1076-4707-83e7-d409448a11a8___RS_HL 6221.JPG,3,3,True,0.97011805,0.024376715,0.0024978023,0.0030075274,0.97011805
d4aed89033d4137d39ad5465a13fac76,PV_data/Apple___healthy/feb2c7d8-0cfd-4eb1-86d0-78a893dd8943___RS_HL 7866.JPG,3,3,True,0.9992863,0.00031698216,0.00030653633,9.023511e-05,0.9992863
72012baa5bb136621fb959b12fa60161,PV_data/Apple___healthy/ff89a869-8eb9-4a0a-9132-dc63e94421bd___RS_HL 7649.JPG,3,3,True,0.99856037,0.0014238035,1.3118799e-05,2.7394844e-06,0.99856037
